2;24;20;1;2;2;4;3;5;1;0
2;24;20;1;2;2;4;3;5;1;11
2;24;20;1;2;2;4;3;5;1;9
2;24;20;1;2;2;4;3;5;1;12
2;24;20;1;2;2;4;3;5;1;6
2;33;6;2;4;3;4;4;2;1;2
2;33;6;2;4;3;4;4;2;1;9
2;33;6;2;4;3;4;4;2;1;3
2;33;6;2;4;3;4;4;2;1;8
2;28;71;1;4;2;4;1;2;1;4
2;28;71;1;4;2;4;1;2;1;6
2;28;71;1;4;2;4;1;2;1;11
2;28;71;1;4;2;4;1;2;1;9
2;28;71;1;4;2;4;1;2;1;0
2;28;71;1;4;2;4;1;2;1;12
2;28;71;1;4;2;4;1;2;1;5
2;28;71;1;4;2;4;1;2;1;3
2;33;72;1;3;1;6;3;2;2;0
2;33;72;1;3;1;6;3;2;2;4
2;33;72;1;3;1;6;3;2;2;12
2;34;73;3;5;5;4;3;6;1;0
2;34;73;3;5;5;4;3;6;1;2
2;34;73;3;5;5;4;3;6;1;12
2;29;74;1;4;2;4;3;2;1;4
2;29;74;1;4;2;4;3;2;1;8
2;29;74;1;4;2;4;3;2;1;9
2;29;74;1;4;2;4;3;2;1;12
2;29;74;1;4;2;4;3;2;1;0
2;29;74;1;4;2;4;3;2;1;7
2;29;74;1;4;2;4;3;2;1;10
2;24;75;1;1;1;4;3;2;6;0
2;24;75;1;1;1;4;3;2;6;3
2;24;75;1;1;1;4;3;2;6;4
2;58;2;1;4;4;4;4;2;1;5
2;58;2;1;4;4;4;4;2;1;12
2;43;76;1;1;1;4;6;2;1;0
2;43;76;1;1;1;4;6;2;1;9
2;43;76;1;1;1;4;6;2;1;5
2;43;76;1;1;1;4;6;2;1;12
2;43;76;1;1;1;4;6;2;1;3
2;35;29;1;2;4;4;3;2;1;12
2;35;29;1;2;4;4;3;2;1;2
2;35;29;1;2;4;4;3;2;1;1
1;40;77;1;2;3;4;4;1;1;0
1;40;77;1;2;3;4;4;1;1;9
1;40;77;1;2;3;4;4;1;1;12
1;40;77;1;2;3;4;4;1;1;6
1;40;77;1;2;3;4;4;1;1;7
1;40;77;1;2;3;4;4;1;1;11
1;40;77;1;2;3;4;4;1;1;4
2;27;78;1;4;4;1;2;2;1;4
2;27;78;1;4;4;1;2;2;1;0
2;27;78;1;4;4;1;2;2;1;9
2;27;78;1;4;4;1;2;2;1;8
2;27;78;1;4;4;1;2;2;1;6
2;27;78;1;4;4;1;2;2;1;7
2;27;78;1;4;4;1;2;2;1;12
2;27;21;1;4;4;4;6;2;5;2
2;27;21;1;4;4;4;6;2;5;0
2;27;21;1;4;4;4;6;2;5;4
2;27;21;1;4;4;4;6;2;5;6
2;27;21;1;4;4;4;6;2;5;12
2;27;21;1;4;4;4;6;2;5;9
1;27;68;1;3;2;4;3;6;1;0
1;27;68;1;3;2;4;3;6;1;9
1;27;68;1;3;2;4;3;6;1;8
1;27;68;1;3;2;4;3;6;1;11
2;29;1;1;4;4;4;3;2;6;9
2;29;1;1;4;4;4;3;2;6;12
2;29;1;1;4;4;4;3;2;6;3
1;27;24;1;1;2;6;3;6;5;3
1;27;24;1;1;2;6;3;6;5;9
1;27;24;1;1;2;6;3;6;5;0
1;27;24;1;1;2;6;3;6;5;7
1;27;24;1;1;2;6;3;6;5;12
1;27;24;1;1;2;6;3;6;5;1
2;29;79;3;5;5;4;3;2;1;9
2;29;79;3;5;5;4;3;2;1;12
2;29;79;3;5;5;4;3;2;1;0
2;29;79;3;5;5;4;3;2;1;8
2;29;79;3;5;5;4;3;2;1;7
2;29;79;3;5;5;4;3;2;1;4
2;29;79;3;5;5;4;3;2;1;2
2;29;79;3;5;5;4;3;2;1;3
1;30;1;1;4;2;1;4;5;6;9
1;30;1;1;4;2;1;4;5;6;2
1;30;1;1;4;2;1;4;5;6;1
1;30;1;1;4;2;1;4;5;6;0
1;30;1;1;4;2;1;4;5;6;8
1;30;1;1;4;2;1;4;5;6;12
1;30;1;1;4;2;1;4;5;6;11
2;27;52;1;1;2;1;6;2;6;9
2;27;52;1;1;2;1;6;2;6;0
2;27;52;1;1;2;1;6;2;6;12
2;24;18;3;2;1;2;3;2;1;0
2;24;18;3;2;1;2;3;2;1;12
2;24;18;3;2;1;2;3;2;1;4
2;24;18;3;2;1;2;3;2;1;3
2;45;80;3;2;2;4;7;6;6;12
2;45;80;3;2;2;4;7;6;6;3
2;45;80;3;2;2;4;7;6;6;9
2;45;80;3;2;2;4;7;6;6;6
2;45;80;3;2;2;4;7;6;6;1
1;36;81;1;3;4;4;3;2;6;3
1;36;81;1;3;4;4;3;2;6;9
2;30;82;2;4;4;1;3;2;1;4
2;30;82;2;4;4;1;3;2;1;12
2;31;11;1;4;1;4;3;2;6;11
2;31;11;1;4;1;4;3;2;6;8
2;31;11;1;4;1;4;3;2;6;9
2;31;11;1;4;1;4;3;2;6;0
2;31;11;1;4;1;4;3;2;6;12
2;36;83;1;1;1;4;6;6;5;11
2;36;83;1;1;1;4;6;6;5;9
2;36;83;1;1;1;4;6;6;5;0
2;36;83;1;1;1;4;6;6;5;12
2;36;83;1;1;1;4;6;6;5;10
2;36;83;1;1;1;4;6;6;5;2
2;27;84;1;1;1;1;3;2;1;0
2;27;84;1;1;1;1;3;2;1;9
2;27;84;1;1;1;1;3;2;1;3
2;27;84;1;1;1;1;3;2;1;8
2;27;84;1;1;1;1;3;2;1;6
2;27;84;1;1;1;1;3;2;1;1
2;27;84;1;1;1;1;3;2;1;12
2;21;1;1;3;3;1;3;2;6;9
2;21;1;1;3;3;1;3;2;6;0
2;21;1;1;3;3;1;3;2;6;3
2;21;1;1;3;3;1;3;2;6;12
2;21;1;1;3;3;1;3;2;6;1
2;21;1;1;3;3;1;3;2;6;10
2;21;1;1;3;3;1;3;2;6;8
2;21;1;1;3;3;1;3;2;6;6
1;56;85;1;2;2;4;3;5;1;12
2;37;12;3;4;2;1;3;6;6;0
2;30;86;1;3;1;4;7;2;1;9
2;30;86;1;3;1;4;7;2;1;8
2;30;86;1;3;1;4;7;2;1;0
2;27;87;3;4;2;4;3;2;1;0
2;27;87;3;4;2;4;3;2;1;3
2;27;87;3;4;2;4;3;2;1;4
2;27;87;3;4;2;4;3;2;1;9
2;27;87;3;4;2;4;3;2;1;7
2;27;87;3;4;2;4;3;2;1;11
2;27;87;3;4;2;4;3;2;1;12
2;27;87;3;4;2;4;3;2;1;8
2;27;87;3;4;2;4;3;2;1;6
2;27;87;3;4;2;4;3;2;1;2
2;26;88;1;5;3;1;3;6;6;4
2;26;88;1;5;3;1;3;6;6;0
2;26;88;1;5;3;1;3;6;6;9
2;26;88;1;5;3;1;3;6;6;8
2;26;88;1;5;3;1;3;6;6;3
2;26;88;1;5;3;1;3;6;6;12
2;27;89;3;5;5;7;7;6;1;8
2;27;89;3;5;5;7;7;6;1;9
2;27;89;3;5;5;7;7;6;1;3
1;42;90;1;3;1;4;3;2;1;9
2;29;30;1;4;4;0;3;5;1;2
2;29;30;1;4;4;0;3;5;1;5
2;29;30;1;4;4;0;3;5;1;0
2;29;30;1;4;4;0;3;5;1;4
2;29;30;1;4;4;0;3;5;1;8
2;29;30;1;4;4;0;3;5;1;6
2;29;30;1;4;4;0;3;5;1;7
2;0;23;1;2;4;4;4;2;6;4
2;28;14;1;1;1;0;4;2;6;0
2;28;14;1;1;1;0;4;2;6;12
2;102;24;1;5;5;0;4;4;8;9
2;102;24;1;5;5;0;4;4;8;8
2;102;24;1;5;5;0;4;4;8;0
2;102;24;1;5;5;0;4;4;8;12
2;32;2;1;3;4;0;3;2;1;3
2;0;91;1;5;1;4;1;3;2;6
2;0;91;1;5;1;4;1;3;2;4
2;0;91;1;5;1;4;1;3;2;9
2;0;91;1;5;1;4;1;3;2;3
2;0;91;1;5;1;4;1;3;2;0
2;0;91;1;5;1;4;1;3;2;12
2;0;91;1;5;1;4;1;3;2;5
2;0;83;1;4;1;4;5;2;1;2
2;0;83;1;4;1;4;5;2;1;12
2;0;83;1;4;1;4;5;2;1;1
2;0;83;1;4;1;4;5;2;1;8
2;0;92;4;3;2;1;3;6;1;3
2;0;92;4;3;2;1;3;6;1;12
2;0;92;4;3;2;1;3;6;1;1
2;0;92;4;3;2;1;3;6;1;9
2;45;14;1;3;0;4;8;2;1;0
2;45;14;1;3;0;4;8;2;1;6
2;45;14;1;3;0;4;8;2;1;12
2;27;35;3;4;4;1;0;6;4;9
2;27;35;3;4;4;1;0;6;4;0
2;27;35;3;4;4;1;0;6;4;6
2;0;14;1;4;4;4;3;2;1;5
2;0;14;1;4;4;4;3;2;1;4
2;0;14;1;4;4;4;3;2;1;0
2;0;14;1;4;4;4;3;2;1;6
2;0;14;1;4;4;4;3;2;1;11
2;0;14;1;4;4;4;3;2;1;1
2;0;14;1;4;4;4;3;2;1;3
2;0;14;1;4;4;4;3;2;1;8
2;0;14;1;4;4;4;3;2;1;9
2;0;14;1;4;4;4;3;2;1;2
2;0;14;1;4;4;4;3;2;1;7
1;0;93;1;3;2;4;5;2;1;11
1;0;93;1;3;2;4;5;2;1;9
1;0;93;1;3;2;4;5;2;1;5
1;0;93;1;3;2;4;5;2;1;1
1;0;93;1;3;2;4;5;2;1;8
1;0;93;1;3;2;4;5;2;1;12
1;0;93;1;3;2;4;5;2;1;6
1;0;93;1;3;2;4;5;2;1;7
1;0;93;1;3;2;4;5;2;1;4
2;0;1;1;2;2;4;3;1;1;12
2;0;1;1;2;2;4;3;1;1;8
2;0;1;1;2;2;4;3;1;1;4
2;0;1;1;2;2;4;3;1;1;3
2;0;94;1;4;2;7;2;6;6;9
2;0;94;1;4;2;7;2;6;6;8
2;0;94;1;4;2;7;2;6;6;2
2;0;94;1;4;2;7;2;6;6;0
2;0;94;1;4;2;7;2;6;6;6
2;23;95;1;0;2;2;3;2;6;0
2;23;95;1;0;2;2;3;2;6;3
2;23;95;1;0;2;2;3;2;6;9
2;23;95;1;0;2;2;3;2;6;1
2;23;95;1;0;2;2;3;2;6;8
2;23;95;1;0;2;2;3;2;6;2
2;23;95;1;0;2;2;3;2;6;12
2;23;95;1;0;2;2;3;2;6;6
1;0;6;2;4;4;4;3;2;1;11
1;0;6;2;4;4;4;3;2;1;12
1;0;6;2;4;4;4;3;2;1;7
1;0;6;2;4;4;4;3;2;1;6
1;0;6;2;4;4;4;3;2;1;9
1;0;6;2;4;4;4;3;2;1;4
1;0;6;2;4;4;4;3;2;1;0
1;0;6;2;4;4;4;3;2;1;2
1;0;6;2;4;4;4;3;2;1;5
1;0;6;2;4;4;4;3;2;1;1
1;0;6;2;4;4;4;3;2;1;3
1;0;6;2;4;4;4;3;2;1;8
1;0;6;2;4;4;4;3;2;1;10
2;0;2;1;2;2;1;3;2;7;9
2;0;2;1;2;2;1;3;2;7;0
2;0;2;1;2;2;1;3;2;7;4
2;0;2;1;2;2;1;3;2;7;12
2;0;96;1;4;4;7;6;2;5;9
2;0;96;1;4;4;7;6;2;5;11
2;0;96;1;4;4;7;6;2;5;0
2;0;96;1;4;4;7;6;2;5;12
2;0;96;1;4;4;7;6;2;5;1
2;0;96;1;4;4;7;6;2;5;6
2;0;96;1;4;4;7;6;2;5;2
2;0;96;1;4;4;7;6;2;5;8
2;46;97;1;4;0;6;3;2;3;9
2;46;97;1;4;0;6;3;2;3;2
2;46;97;1;4;0;6;3;2;3;12
2;46;97;1;4;0;6;3;2;3;4
2;49;3;3;3;3;0;6;2;1;2
1;51;98;4;2;1;0;2;2;6;9
1;51;98;4;2;1;0;2;2;6;12
1;51;98;4;2;1;0;2;2;6;0
1;51;98;4;2;1;0;2;2;6;8
1;51;98;4;2;1;0;2;2;6;11
1;51;98;4;2;1;0;2;2;6;7
1;51;98;4;2;1;0;2;2;6;6
2;0;6;2;4;4;4;3;6;1;8
2;0;6;2;4;4;4;3;6;1;0
2;0;6;2;4;4;4;3;6;1;12
2;0;6;2;4;4;4;3;6;1;2
2;0;6;2;4;4;4;3;6;1;3
2;0;6;2;4;4;4;3;6;1;9
2;34;99;1;3;1;0;3;2;1;0
2;34;99;1;3;1;0;3;2;1;12
2;34;99;1;3;1;0;3;2;1;1
1;30;4;3;2;4;7;0;6;1;11
1;30;4;3;2;4;7;0;6;1;12
1;30;4;3;2;4;7;0;6;1;6
1;30;4;3;2;4;7;0;6;1;0
2;0;2;1;1;1;1;4;1;7;0
2;0;2;1;1;1;1;4;1;7;8
2;0;2;1;1;1;1;4;1;7;5
2;0;2;1;1;1;1;4;1;7;12
2;32;100;1;4;2;4;4;0;1;0
2;32;100;1;4;2;4;4;0;1;6
2;32;100;1;4;2;4;4;0;1;8
2;32;100;1;4;2;4;4;0;1;7
2;0;101;1;5;1;7;1;2;1;12
2;0;101;1;5;1;7;1;2;1;3
1;44;102;1;3;3;0;4;5;5;12
1;44;102;1;3;3;0;4;5;5;0
1;44;102;1;3;3;0;4;5;5;5
2;23;16;1;0;2;1;3;6;1;0
2;23;16;1;0;2;1;3;6;1;3
2;23;16;1;0;2;1;3;6;1;2
2;23;16;1;0;2;1;3;6;1;8
2;23;16;1;0;2;1;3;6;1;12
2;23;16;1;0;2;1;3;6;1;9
2;23;16;1;0;2;1;3;6;1;6
2;45;103;1;4;2;4;3;2;0;7
2;45;103;1;4;2;4;3;2;0;6
2;45;103;1;4;2;4;3;2;0;10
2;45;103;1;4;2;4;3;2;0;0
2;45;103;1;4;2;4;3;2;0;4
2;45;103;1;4;2;4;3;2;0;8
2;0;25;1;3;4;1;2;2;6;8
2;0;25;1;3;4;1;2;2;6;0
2;0;25;1;3;4;1;2;2;6;2
2;0;25;1;3;4;1;2;2;6;4
2;0;25;1;3;4;1;2;2;6;9
2;0;25;1;3;4;1;2;2;6;12
2;98;11;1;4;1;0;3;6;1;12
2;98;11;1;4;1;0;3;6;1;4
2;98;11;1;4;1;0;3;6;1;9
2;98;11;1;4;1;0;3;6;1;11
2;98;11;1;4;1;0;3;6;1;5
2;98;11;1;4;1;0;3;6;1;1
2;98;11;1;4;1;0;3;6;1;3
2;36;25;1;0;2;4;4;1;6;9
2;36;25;1;0;2;4;4;1;6;8
2;36;25;1;0;2;4;4;1;6;6
2;36;25;1;0;2;4;4;1;6;12
2;0;14;1;3;4;1;6;2;2;8
2;0;14;1;3;4;1;6;2;2;12
2;0;14;1;3;4;1;6;2;2;0
2;0;14;1;3;4;1;6;2;2;11
2;0;14;1;3;4;1;6;2;2;4
2;0;104;3;3;1;1;4;2;6;8
2;0;104;3;3;1;1;4;2;6;0
2;0;104;3;3;1;1;4;2;6;12
1;0;2;1;4;4;4;8;6;6;11
1;0;2;1;4;4;4;8;6;6;7
1;0;2;1;4;4;4;8;6;6;12
2;0;3;3;4;4;4;3;6;1;12
2;0;3;3;4;4;4;3;6;1;5
2;0;103;1;3;3;2;6;2;3;1
2;0;103;1;3;3;2;6;2;3;0
2;0;103;1;3;3;2;6;2;3;9
2;0;103;1;3;3;2;6;2;3;3
2;0;103;1;3;3;2;6;2;3;12
2;0;103;1;3;3;2;6;2;3;2
2;32;34;1;3;1;4;2;2;0;2
2;32;34;1;3;1;4;2;2;0;0
2;32;34;1;3;1;4;2;2;0;8
2;32;34;1;3;1;4;2;2;0;12
2;32;34;1;3;1;4;2;2;0;6
2;23;105;5;2;2;2;0;2;5;3
2;23;105;5;2;2;2;0;2;5;2
2;23;105;5;2;2;2;0;2;5;0
2;23;105;5;2;2;2;0;2;5;9
2;23;105;5;2;2;2;0;2;5;7
2;31;106;1;0;5;6;6;6;6;0
2;31;106;1;0;5;6;6;6;6;2
2;31;106;1;0;5;6;6;6;6;8
2;31;106;1;0;5;6;6;6;6;4
2;31;106;1;0;5;6;6;6;6;9
2;31;106;1;0;5;6;6;6;6;12
2;31;106;1;0;5;6;6;6;6;7
2;31;106;1;0;5;6;6;6;6;6
2;28;0;3;3;4;4;3;5;6;9
2;28;0;3;3;4;4;3;5;6;1
2;28;0;3;3;4;4;3;5;6;12
2;28;0;3;3;4;4;3;5;6;0
2;28;0;3;3;4;4;3;5;6;2
2;28;0;3;3;4;4;3;5;6;6
2;28;0;3;3;4;4;3;5;6;11
2;29;107;6;2;2;0;3;2;1;2
2;29;107;6;2;2;0;3;2;1;12
2;29;107;6;2;2;0;3;2;1;5
2;28;108;1;4;4;1;2;0;6;0
2;28;108;1;4;4;1;2;0;6;9
2;28;108;1;4;4;1;2;0;6;12
2;28;108;1;4;4;1;2;0;6;2
2;28;108;1;4;4;1;2;0;6;6
2;28;108;1;4;4;1;2;0;6;4
2;0;19;7;2;2;0;2;2;1;8
2;0;19;7;2;2;0;2;2;1;6
2;0;19;7;2;2;0;2;2;1;9
2;0;19;7;2;2;0;2;2;1;2
2;0;19;7;2;2;0;2;2;1;12
2;0;19;7;2;2;0;2;2;1;11
2;0;19;7;2;2;0;2;2;1;0
1;0;26;1;2;2;4;3;2;0;9
1;0;26;1;2;2;4;3;2;0;6
2;0;109;1;4;1;4;0;6;1;6
2;0;109;1;4;1;4;0;6;1;4
1;0;86;1;4;4;4;0;2;1;0
1;0;86;1;4;4;4;0;2;1;9
1;0;86;1;4;4;4;0;2;1;12
1;0;2;1;2;4;0;5;2;6;5
1;0;2;1;2;4;0;5;2;6;8
2;0;110;1;2;4;4;3;2;0;0
2;0;110;1;2;4;4;3;2;0;5
2;0;110;1;2;4;4;3;2;0;8
2;0;110;1;2;4;4;3;2;0;6
2;0;110;1;2;4;4;3;2;0;9
2;30;63;1;0;4;7;1;5;0;6
2;30;63;1;0;4;7;1;5;0;0
2;30;63;1;0;4;7;1;5;0;4
2;30;63;1;0;4;7;1;5;0;2
2;30;63;1;0;4;7;1;5;0;9
2;30;63;1;0;4;7;1;5;0;3
2;30;63;1;0;4;7;1;5;0;12
2;32;53;1;4;1;0;0;2;1;0
2;32;53;1;4;1;0;0;2;1;8
2;32;53;1;4;1;0;0;2;1;3
2;32;53;1;4;1;0;0;2;1;9
2;32;53;1;4;1;0;0;2;1;2
2;32;53;1;4;1;0;0;2;1;12
2;32;53;1;4;1;0;0;2;1;11
2;0;2;1;1;2;0;3;4;5;7
2;34;111;1;0;0;4;3;5;6;12
2;0;83;1;4;3;4;3;2;0;8
2;0;83;1;4;3;4;3;2;0;9
2;0;83;1;4;3;4;3;2;0;4
2;0;83;1;4;3;4;3;2;0;12
2;0;83;1;4;3;4;3;2;0;0
2;0;83;1;4;3;4;3;2;0;2
2;0;83;1;4;3;4;3;2;0;3
2;0;83;1;4;3;4;3;2;0;6
2;0;66;1;3;0;4;3;2;1;11
2;0;66;1;3;0;4;3;2;1;0
2;0;91;1;4;4;1;5;0;3;12
2;0;91;1;4;4;1;5;0;3;2
2;0;91;1;4;4;1;5;0;3;4
2;0;112;8;2;2;1;5;0;5;3
2;31;113;1;0;2;1;3;5;0;12
2;31;113;1;0;2;1;3;5;0;0
2;30;114;1;0;3;6;0;2;6;0
2;30;114;1;0;3;6;0;2;6;3
1;0;12;3;3;2;0;3;1;6;1
1;0;12;3;3;2;0;3;1;6;0
1;0;12;3;3;2;0;3;1;6;9
1;0;12;3;3;2;0;3;1;6;11
1;0;115;1;0;4;4;3;5;1;7
1;0;115;1;0;4;4;3;5;1;3
1;0;115;1;0;4;4;3;5;1;8
2;0;116;9;5;3;0;8;2;7;3
2;0;116;9;5;3;0;8;2;7;9
2;32;25;1;2;2;1;0;2;0;9
2;32;25;1;2;2;1;0;2;0;0
2;32;25;1;2;2;1;0;2;0;6
2;32;25;1;2;2;1;0;2;0;12
2;32;25;1;2;2;1;0;2;0;11
2;32;25;1;2;2;1;0;2;0;2
2;32;25;1;2;2;1;0;2;0;7
2;32;25;1;2;2;1;0;2;0;8
2;32;25;1;2;2;1;0;2;0;1
2;32;117;1;0;2;1;8;0;6;0
2;32;117;1;0;2;1;8;0;6;5
2;25;27;7;1;1;0;0;2;1;12
2;25;27;7;1;1;0;0;2;1;8
2;25;27;7;1;1;0;0;2;1;0
2;25;27;7;1;1;0;0;2;1;10
1;0;118;1;4;1;4;0;6;1;9
1;28;119;1;0;0;1;9;4;2;9
1;0;14;1;4;2;0;3;6;1;11
1;0;14;1;4;2;0;3;6;1;8
1;0;14;1;4;2;0;3;6;1;4
1;0;14;1;4;2;0;3;6;1;2
1;0;14;1;4;2;0;3;6;1;9
1;0;14;1;4;2;0;3;6;1;1
1;0;14;1;4;2;0;3;6;1;12
1;0;14;1;4;2;0;3;6;1;0
2;0;120;4;3;2;0;3;4;8;12
2;0;120;4;3;2;0;3;4;8;6
2;0;120;4;3;2;0;3;4;8;9
2;0;120;4;3;2;0;3;4;8;0
2;0;120;4;3;2;0;3;4;8;4
1;21;7;1;5;5;0;0;1;6;6
1;21;7;1;5;5;0;0;1;6;0
1;21;7;1;5;5;0;0;1;6;9
1;21;7;1;5;5;0;0;1;6;8
1;21;7;1;5;5;0;0;1;6;11
1;21;7;1;5;5;0;0;1;6;1
1;21;7;1;5;5;0;0;1;6;12
1;35;1;1;3;1;0;0;6;6;0
1;35;1;1;3;1;0;0;6;6;11
1;35;1;1;3;1;0;0;6;6;6
1;35;1;1;3;1;0;0;6;6;12
1;35;1;1;3;1;0;0;6;6;9
1;35;1;1;3;1;0;0;6;6;3
1;35;1;1;3;1;0;0;6;6;8
1;35;1;1;3;1;0;0;6;6;7
1;30;56;1;1;1;0;0;2;6;0
1;30;56;1;1;1;0;0;2;6;8
1;30;56;1;1;1;0;0;2;6;9
1;30;56;1;1;1;0;0;2;6;6
1;30;56;1;1;1;0;0;2;6;12
2;32;57;3;0;0;6;3;2;6;12
2;32;57;3;0;0;6;3;2;6;4
1;27;121;5;3;4;0;0;6;1;3
1;0;14;1;2;4;0;3;2;1;9
1;0;0;1;4;2;4;4;2;1;0
1;0;0;1;4;2;4;4;2;1;12
1;0;0;1;4;2;4;4;2;1;2
1;0;0;1;4;2;4;4;2;1;8
1;0;0;1;4;2;4;4;2;1;7
1;0;3;3;3;2;0;3;2;6;9
1;0;3;3;3;2;0;3;2;6;0
1;33;58;3;4;2;4;5;0;0;1
1;33;58;3;4;2;4;5;0;0;9
1;33;58;3;4;2;4;5;0;0;12
1;33;58;3;4;2;4;5;0;0;0
1;33;58;3;4;2;4;5;0;0;10
1;33;58;3;4;2;4;5;0;0;7
1;33;58;3;4;2;4;5;0;0;6
1;33;58;3;4;2;4;5;0;0;11
1;0;59;1;4;4;4;0;1;1;7
1;0;59;1;4;4;4;0;1;1;11
1;0;59;1;4;4;4;0;1;1;0
1;0;59;1;4;4;4;0;1;1;9
1;0;59;1;4;4;4;0;1;1;12
2;22;60;1;3;4;0;3;2;0;0
2;22;60;1;3;4;0;3;2;0;6
2;22;60;1;3;4;0;3;2;0;9
2;22;60;1;3;4;0;3;2;0;12
2;22;60;1;3;4;0;3;2;0;11
2;22;60;1;3;4;0;3;2;0;2
1;22;0;1;4;2;0;4;5;6;0
1;22;0;1;4;2;0;4;5;6;9
1;0;61;1;0;1;4;2;5;1;9
1;0;61;1;0;1;4;2;5;1;12
1;0;61;1;0;1;4;2;5;1;2
2;0;1;1;4;4;1;3;2;0;12
2;0;1;1;4;4;1;3;2;0;0
2;0;1;1;4;4;1;3;2;0;9
1;21;25;1;5;4;0;0;2;1;0
1;21;25;1;5;4;0;0;2;1;12
1;21;25;1;5;4;0;0;2;1;3
1;21;25;1;5;4;0;0;2;1;6
1;21;25;1;5;4;0;0;2;1;11
1;21;25;1;5;4;0;0;2;1;9
1;21;25;1;5;4;0;0;2;1;2
2;0;18;3;3;4;0;8;2;6;0
2;0;18;3;3;4;0;8;2;6;9
2;0;18;3;3;4;0;8;2;6;2
2;0;18;3;3;4;0;8;2;6;3
1;29;23;1;0;3;0;8;2;1;0
1;29;23;1;0;3;0;8;2;1;1
1;29;23;1;0;3;0;8;2;1;6
1;29;23;1;0;3;0;8;2;1;9
1;29;23;1;0;3;0;8;2;1;3
1;29;23;1;0;3;0;8;2;1;12
1;29;23;1;0;3;0;8;2;1;7
1;29;23;1;0;3;0;8;2;1;11
2;39;11;1;2;1;4;3;0;0;2
2;39;11;1;2;1;4;3;0;0;0
2;39;11;1;2;1;4;3;0;0;12
2;39;11;1;2;1;4;3;0;0;9
2;39;11;1;2;1;4;3;0;0;11
2;39;11;1;2;1;4;3;0;0;3
1;18;62;1;1;4;6;0;6;0;9
1;18;62;1;1;4;6;0;6;0;12
1;18;62;1;1;4;6;0;6;0;0
1;18;62;1;1;4;6;0;6;0;3
1;18;62;1;1;4;6;0;6;0;1
1;0;63;1;1;2;0;5;6;1;9
1;0;63;1;1;2;0;5;6;1;11
1;0;63;1;1;2;0;5;6;1;1
1;0;63;1;1;2;0;5;6;1;12
2;29;29;1;4;4;0;0;2;1;12
2;29;29;1;4;4;0;0;2;1;8
2;30;64;3;0;0;1;8;5;6;12
2;0;65;3;3;1;4;0;2;1;6
2;0;65;3;3;1;4;0;2;1;9
2;0;65;3;3;1;4;0;2;1;0
2;0;65;3;3;1;4;0;2;1;12
2;0;65;3;3;1;4;0;2;1;7
2;0;65;3;3;1;4;0;2;1;3
2;0;65;3;3;1;4;0;2;1;2
1;27;28;1;0;2;4;0;2;0;2
1;27;28;1;0;2;4;0;2;0;1
1;27;28;1;0;2;4;0;2;0;8
1;28;29;1;2;1;4;0;0;0;7
1;28;29;1;2;1;4;0;0;0;0
2;31;30;1;3;4;0;0;0;6;12
2;31;30;1;3;4;0;0;0;6;3
2;35;66;1;2;1;4;0;0;0;4
2;0;0;1;5;3;0;8;6;5;0
2;0;0;1;5;3;0;8;6;5;12
2;35;67;1;4;4;7;0;0;0;0
2;35;67;1;4;4;7;0;0;0;12
2;35;67;1;4;4;7;0;0;0;9
2;35;67;1;4;4;7;0;0;0;8
2;35;67;1;4;4;7;0;0;0;3
2;35;67;1;4;4;7;0;0;0;7
2;35;67;1;4;4;7;0;0;0;5
2;35;67;1;4;4;7;0;0;0;2
2;31;2;1;2;2;0;0;2;0;0
2;31;2;1;2;2;0;0;2;0;8
2;31;2;1;2;2;0;0;2;0;6
2;31;2;1;2;2;0;0;2;0;9
2;31;2;1;2;2;0;0;2;0;2
2;31;2;1;2;2;0;0;2;0;12
2;31;2;1;2;2;0;0;2;0;7
2;31;2;1;2;2;0;0;2;0;11
2;31;2;1;2;2;0;0;2;0;3
2;31;2;1;2;2;0;0;2;0;1
2;0;2;1;4;2;0;3;2;0;3
2;28;13;1;1;2;0;0;2;0;0
2;28;13;1;1;2;0;0;2;0;9
2;28;13;1;1;2;0;0;2;0;4
2;28;13;1;1;2;0;0;2;0;12
1;27;68;1;4;2;0;0;6;0;7
1;27;68;1;4;2;0;0;6;0;0
1;27;68;1;4;2;0;0;6;0;9
2;0;69;1;4;4;2;3;0;0;4
2;0;69;1;4;4;2;3;0;0;0
2;0;69;1;4;4;2;3;0;0;1
2;0;69;1;4;4;2;3;0;0;9
2;0;24;1;0;0;1;3;2;1;8
1;23;16;1;0;0;7;0;2;1;12
1;23;16;1;0;0;7;0;2;1;9
1;23;16;1;0;0;7;0;2;1;2
1;23;16;1;0;0;7;0;2;1;3
1;23;16;1;0;0;7;0;2;1;6
2;0;1;1;0;4;1;8;2;0;12
1;27;70;1;3;3;0;0;0;1;0
1;27;70;1;3;3;0;0;0;1;6
1;27;70;1;3;3;0;0;0;1;9
1;27;70;1;3;3;0;0;0;1;12
1;27;70;1;3;3;0;0;0;1;3
2;20;9;1;3;0;0;8;0;5;0
2;20;9;1;3;0;0;8;0;5;11
2;20;9;1;3;0;0;8;0;5;3
2;20;9;1;3;0;0;8;0;5;9
2;0;119;1;4;4;4;0;0;1;5
2;0;119;1;4;4;4;0;0;1;4
2;0;119;1;4;4;4;0;0;1;6
2;0;119;1;4;4;4;0;0;1;0
2;0;119;1;4;4;4;0;0;1;9
2;0;119;1;4;4;4;0;0;1;12
2;0;85;1;0;0;1;3;6;6;2
2;0;85;1;0;0;1;3;6;6;4
2;0;85;1;0;0;1;3;6;6;0
2;0;85;1;0;0;1;3;6;6;9
2;0;85;1;0;0;1;3;6;6;12
2;0;85;1;0;0;1;3;6;6;6
2;0;85;1;0;0;1;3;6;6;7
2;0;85;1;0;0;1;3;6;6;8
2;22;0;1;2;2;0;0;2;5;2
2;22;0;1;2;2;0;0;2;5;0
2;22;0;1;2;2;0;0;2;5;6
2;22;0;1;2;2;0;0;2;5;4
2;22;0;1;2;2;0;0;2;5;3
2;22;0;1;2;2;0;0;2;5;11
2;22;0;1;2;2;0;0;2;5;12
1;0;0;3;4;1;0;3;5;7;0
1;0;0;3;4;1;0;3;5;7;6
1;0;0;3;4;1;0;3;5;7;2
1;0;0;3;4;1;0;3;5;7;3
1;0;0;3;4;1;0;3;5;7;9
1;0;0;3;4;1;0;3;5;7;12
1;0;0;3;4;1;0;3;5;7;8
1;33;1;1;3;0;4;0;2;0;0
1;33;1;1;3;0;4;0;2;0;9
1;32;83;1;3;4;0;0;2;0;7
1;32;83;1;3;4;0;0;2;0;9
1;32;83;1;3;4;0;0;2;0;8
1;32;83;1;3;4;0;0;2;0;12
1;32;83;1;3;4;0;0;2;0;0
1;32;83;1;3;4;0;0;2;0;10
2;0;122;1;1;1;4;3;0;0;4
2;0;122;1;1;1;4;3;0;0;8
2;27;1;1;4;4;0;4;0;0;6
2;27;1;1;4;4;0;4;0;0;0
2;27;1;1;4;4;0;4;0;0;12
2;27;1;1;4;4;0;4;0;0;4
2;27;1;1;4;4;0;4;0;0;11
2;27;1;1;4;4;0;4;0;0;9
2;0;41;1;2;1;4;0;0;4;0
2;0;41;1;2;1;4;0;0;4;2
2;0;41;1;2;1;4;0;0;4;12
2;0;41;1;2;1;4;0;0;4;6
2;0;41;1;2;1;4;0;0;4;8
2;0;41;1;2;1;4;0;0;4;4
2;0;41;1;2;1;4;0;0;4;7
2;0;41;1;2;1;4;0;0;4;9
2;0;41;1;2;1;4;0;0;4;1
2;0;41;1;2;1;4;0;0;4;11
1;58;123;1;0;0;0;3;2;1;12
1;58;123;1;0;0;0;3;2;1;1
2;0;29;1;0;2;0;4;2;6;1
2;0;29;1;0;2;0;4;2;6;8
2;0;29;1;0;2;0;4;2;6;7
2;0;29;1;0;2;0;4;2;6;9
2;0;29;1;0;2;0;4;2;6;3
2;0;29;1;0;2;0;4;2;6;12
2;0;29;1;0;2;0;4;2;6;0
2;0;29;1;0;2;0;4;2;6;6
1;21;1;1;0;0;0;8;6;6;11
1;21;1;1;0;0;0;8;6;6;9
1;21;1;1;0;0;0;8;6;6;8
2;34;124;1;2;2;4;0;0;0;9
2;34;124;1;2;2;4;0;0;0;4
2;34;124;1;2;2;4;0;0;0;12
2;34;124;1;2;2;4;0;0;0;11
2;34;124;1;2;2;4;0;0;0;7
2;34;124;1;2;2;4;0;0;0;8
1;32;18;3;2;2;4;0;0;0;0
1;32;18;3;2;2;4;0;0;0;7
1;32;18;3;2;2;4;0;0;0;10
1;32;18;3;2;2;4;0;0;0;12
1;32;18;3;2;2;4;0;0;0;9
2;0;9;1;4;4;0;6;0;5;5
2;0;9;1;4;4;0;6;0;5;0
2;0;9;1;4;4;0;6;0;5;12
1;0;1;1;4;4;0;0;6;1;0
1;0;1;1;4;4;0;0;6;1;8
1;0;1;1;4;4;0;0;6;1;9
1;0;1;1;4;4;0;0;6;1;10
1;0;1;1;4;4;0;0;6;1;12
1;0;1;1;4;4;0;0;6;1;11
2;0;125;1;2;2;0;0;5;6;12
2;25;2;1;0;1;7;3;0;0;6
2;25;2;1;0;1;7;3;0;0;0
2;25;2;1;0;1;7;3;0;0;11
2;25;2;1;0;1;7;3;0;0;12
2;25;126;1;0;1;0;0;1;6;9
2;25;126;1;0;1;0;0;1;6;4
2;25;126;1;0;1;0;0;1;6;0
2;25;126;1;0;1;0;0;1;6;12
2;25;126;1;0;1;0;0;1;6;2
2;25;126;1;0;1;0;0;1;6;7
2;25;126;1;0;1;0;0;1;6;3
2;25;126;1;0;1;0;0;1;6;6
2;25;126;1;0;1;0;0;1;6;8
1;0;127;10;0;0;3;8;6;3;0
1;0;127;10;0;0;3;8;6;3;7
1;0;127;10;0;0;3;8;6;3;12
1;0;113;1;2;2;0;0;2;6;7
1;0;113;1;2;2;0;0;2;6;12
1;0;113;1;2;2;0;0;2;6;9
1;0;113;1;2;2;0;0;2;6;0
1;0;113;1;2;2;0;0;2;6;3
2;0;0;11;4;3;0;9;5;6;3
2;0;0;11;4;3;0;9;5;6;0
2;0;0;11;4;3;0;9;5;6;12
2;0;0;11;4;3;0;9;5;6;8
2;0;0;11;4;3;0;9;5;6;9
2;0;0;11;4;3;0;9;5;6;2
2;0;0;11;4;3;0;9;5;6;4
2;0;62;1;3;3;0;0;2;6;9
2;0;62;1;3;3;0;0;2;6;0
2;0;62;1;3;3;0;0;2;6;2
2;0;62;1;3;3;0;0;2;6;3
2;0;62;1;3;3;0;0;2;6;12
1;0;128;3;0;4;1;0;2;6;9
1;0;128;3;0;4;1;0;2;6;0
1;0;128;3;0;4;1;0;2;6;7
1;0;128;3;0;4;1;0;2;6;12
2;0;99;1;5;1;0;0;2;6;12
2;0;99;1;5;1;0;0;2;6;0
2;0;99;1;5;1;0;0;2;6;4
2;0;99;1;5;1;0;0;2;6;5
2;0;99;1;5;1;0;0;2;6;6
2;0;99;1;5;1;0;0;2;6;7
2;29;34;1;0;0;1;3;0;0;0
2;29;34;1;0;0;1;3;0;0;12
2;36;8;3;0;0;4;1;0;0;0
2;36;8;3;0;0;4;1;0;0;12
2;36;8;3;0;0;4;1;0;0;8
2;36;8;3;0;0;4;1;0;0;7
1;33;1;1;0;0;6;3;0;0;7
2;0;14;1;0;0;4;3;0;6;0
2;0;14;1;0;0;4;3;0;6;12
2;0;14;1;0;0;4;3;0;6;11
2;0;14;1;0;0;4;0;2;6;1
2;0;14;1;0;0;4;0;2;6;12
2;0;14;1;0;0;4;0;2;6;3
2;0;14;1;0;0;4;0;2;6;6
2;0;14;1;0;0;4;0;2;6;2
2;0;14;1;0;0;4;0;2;6;9
2;0;14;1;0;0;4;0;2;6;0
2;26;129;1;0;0;4;4;0;0;2
2;26;129;1;0;0;4;4;0;0;0
2;26;129;1;0;0;4;4;0;0;3
2;26;129;1;0;0;4;4;0;0;6
2;26;129;1;0;0;4;4;0;0;5
2;26;129;1;0;0;4;4;0;0;8
2;26;129;1;0;0;4;4;0;0;12
1;42;37;1;0;0;4;5;0;0;10
1;42;37;1;0;0;4;5;0;0;12
2;52;38;1;0;0;4;3;0;0;0
2;52;38;1;0;0;4;3;0;0;12
2;52;38;1;0;0;4;3;0;0;6
2;47;130;1;0;0;5;3;0;0;11
2;47;130;1;0;0;5;3;0;0;2
2;47;130;1;0;0;5;3;0;0;8
2;47;130;1;0;0;5;3;0;0;1
2;47;130;1;0;0;5;3;0;0;12
2;47;130;1;0;0;5;3;0;0;5
2;47;130;1;0;0;5;3;0;0;6
2;47;130;1;0;0;5;3;0;0;4
2;47;130;1;0;0;5;3;0;0;7
2;47;130;1;0;0;5;3;0;0;10
2;47;130;1;0;0;5;3;0;0;0
1;0;0;1;0;0;1;3;2;1;12
1;0;0;1;0;0;1;3;2;1;3
1;0;0;1;0;0;1;3;2;1;7
2;38;39;1;0;0;4;3;0;0;6
2;37;41;1;0;0;4;4;0;0;7
2;37;41;1;0;0;4;4;0;0;12
2;37;41;1;0;0;4;4;0;0;9
1;27;11;1;0;0;3;3;0;0;12
1;27;11;1;0;0;3;3;0;0;2
1;27;11;1;0;0;3;3;0;0;9
1;27;11;1;0;0;3;3;0;0;10
1;27;11;1;0;0;3;3;0;0;0
2;0;0;1;4;4;0;3;6;0;7
2;0;0;1;4;4;0;3;6;0;6
2;0;0;1;4;4;0;3;6;0;2
2;0;0;1;4;4;0;3;6;0;0
2;0;0;1;4;4;0;3;6;0;3
2;0;0;1;4;4;0;3;6;0;12
2;0;0;1;4;4;0;3;6;0;9
2;0;0;1;4;4;0;3;6;0;1
2;23;12;3;0;0;1;7;0;0;0
2;23;12;3;0;0;1;7;0;0;3
2;23;12;3;0;0;1;7;0;0;12
2;23;12;3;0;0;1;7;0;0;1
2;23;12;3;0;0;1;7;0;0;8
2;23;131;1;0;1;1;0;0;0;0
2;23;131;1;0;1;1;0;0;0;8
2;23;131;1;0;1;1;0;0;0;12
2;23;131;1;0;1;1;0;0;0;7
2;23;131;1;0;1;1;0;0;0;9
2;23;131;1;0;1;1;0;0;0;11
2;23;131;1;0;1;1;0;0;0;4
2;28;132;2;0;0;1;3;0;0;9
1;40;133;1;0;0;4;3;0;0;12
1;0;2;1;1;2;0;8;0;0;2
1;0;2;1;1;2;0;8;0;0;0
1;0;2;1;1;2;0;8;0;0;7
1;0;2;1;1;2;0;8;0;0;9
1;0;2;1;1;2;0;8;0;0;6
1;0;2;1;1;2;0;8;0;0;12
1;28;103;1;0;0;6;4;0;0;9
1;28;103;1;0;0;6;4;0;0;12
1;28;103;1;0;0;6;4;0;0;10
1;28;103;1;0;0;6;4;0;0;0
2;0;6;2;0;2;0;0;6;1;0
2;0;6;2;0;2;0;0;6;1;4
2;0;6;2;0;2;0;0;6;1;9
2;0;6;2;0;2;0;0;6;1;3
1;0;0;0;2;3;0;3;2;1;6
1;0;0;0;2;3;0;3;2;1;12
1;0;0;0;2;3;0;3;2;1;0
1;0;0;0;2;3;0;3;2;1;1
2;32;1;1;0;0;1;7;0;0;2
2;32;1;1;0;0;1;7;0;0;9
2;32;1;1;0;0;1;7;0;0;7
2;32;1;1;0;0;1;7;0;0;12
2;32;1;1;0;0;1;7;0;0;10
2;32;1;1;0;0;1;7;0;0;11
1;27;2;1;0;0;6;3;0;0;4
1;27;2;1;0;0;6;3;0;0;9
1;27;2;1;0;0;6;3;0;0;2
1;27;2;1;0;0;6;3;0;0;12
1;27;2;1;0;0;6;3;0;0;0
1;27;2;1;0;0;6;3;0;0;7
2;23;117;1;0;1;2;0;0;0;0
2;23;117;1;0;1;2;0;0;0;4
2;23;117;1;0;1;2;0;0;0;9
2;23;117;1;0;1;2;0;0;0;12
2;23;117;1;0;1;2;0;0;0;11
2;23;117;1;0;1;2;0;0;0;8
2;40;83;1;0;0;4;3;0;0;12
2;40;83;1;0;0;4;3;0;0;9
2;40;83;1;0;0;4;3;0;0;2
2;40;83;1;0;0;4;3;0;0;8
2;40;83;1;0;0;4;3;0;0;7
2;40;83;1;0;0;4;3;0;0;6
2;40;83;1;0;0;4;3;0;0;4
2;40;83;1;0;0;4;3;0;0;0
2;40;83;1;0;0;4;3;0;0;10
2;45;85;1;0;0;4;8;0;0;1
2;45;85;1;0;0;4;8;0;0;4
2;32;91;1;0;0;4;3;0;0;0
2;32;91;1;0;0;4;3;0;0;2
2;32;91;1;0;0;4;3;0;0;8
2;49;134;3;0;0;2;8;0;0;12
2;49;134;3;0;0;2;8;0;0;5
2;0;93;1;1;1;4;0;0;0;2
2;0;93;1;1;1;4;0;0;0;3
2;0;93;1;1;1;4;0;0;0;12
2;0;93;1;1;1;4;0;0;0;0
2;0;93;1;1;1;4;0;0;0;9
2;29;29;1;0;0;6;4;0;0;3
2;29;29;1;0;0;6;4;0;0;5
1;30;135;1;0;0;4;3;0;0;8
1;30;135;1;0;0;4;3;0;0;7
1;30;135;1;0;0;4;3;0;0;9
1;30;135;1;0;0;4;3;0;0;6
1;30;135;1;0;0;4;3;0;0;0
1;30;135;1;0;0;4;3;0;0;1
1;30;135;1;0;0;4;3;0;0;12
1;30;135;1;0;0;4;3;0;0;11
1;30;135;1;0;0;4;3;0;0;5
1;30;135;1;0;0;4;3;0;0;10
2;26;10;1;0;0;2;3;0;0;4
2;26;10;1;0;0;2;3;0;0;0
2;26;10;1;0;0;2;3;0;0;2
2;26;10;1;0;0;2;3;0;0;12
2;26;10;1;0;0;2;3;0;0;8
2;26;10;1;0;0;2;3;0;0;6
1;23;29;1;0;0;6;3;0;0;12
1;32;24;1;0;0;6;4;0;0;11
1;59;29;1;0;0;4;3;0;0;0
1;59;29;1;0;0;4;3;0;0;12
1;34;136;7;0;0;4;8;0;0;0
1;34;136;7;0;0;4;8;0;0;7
1;34;136;7;0;0;4;8;0;0;2
1;34;136;7;0;0;4;8;0;0;1
1;34;136;7;0;0;4;8;0;0;9
1;34;136;7;0;0;4;8;0;0;12
1;34;136;7;0;0;4;8;0;0;8
1;34;136;7;0;0;4;8;0;0;11
1;39;1;1;0;0;4;3;0;0;8
1;39;1;1;0;0;4;3;0;0;9
2;49;10;1;0;0;1;3;0;0;4
2;49;10;1;0;0;1;3;0;0;9
2;24;137;1;0;0;6;8;0;0;9
2;0;137;1;1;1;0;1;0;0;9
2;0;137;1;1;1;0;1;0;0;1
2;0;137;1;1;1;0;1;0;0;0
2;0;137;1;1;1;0;1;0;0;8
2;0;137;1;1;1;0;1;0;0;11
2;0;137;1;1;1;0;1;0;0;7
2;0;137;1;1;1;0;1;0;0;12
2;50;1;1;0;0;4;8;0;0;9
2;50;1;1;0;0;4;8;0;0;0
2;50;1;1;0;0;4;8;0;0;12
2;50;1;1;0;0;4;8;0;0;6
2;50;1;1;0;0;4;8;0;0;11
2;50;1;1;0;0;4;8;0;0;1
2;50;1;1;0;0;4;8;0;0;7
2;50;1;1;0;0;4;8;0;0;8
2;39;61;1;0;0;4;3;0;0;8
2;39;61;1;0;0;4;3;0;0;0
2;28;123;1;0;0;4;3;0;0;0
2;28;123;1;0;0;4;3;0;0;4
2;28;123;1;0;0;4;3;0;0;12
2;62;61;1;0;0;4;3;0;0;8
2;56;94;1;0;0;4;3;0;0;4
2;56;94;1;0;0;4;3;0;0;12
2;56;94;1;0;0;4;3;0;0;8
2;56;94;1;0;0;4;3;0;0;6
2;56;94;1;0;0;4;3;0;0;2
2;56;94;1;0;0;4;3;0;0;1
2;56;94;1;0;0;4;3;0;0;7
2;56;94;1;0;0;4;3;0;0;9
2;56;94;1;0;0;4;3;0;0;0
1;22;138;1;0;0;6;3;0;0;0
1;22;138;1;0;0;6;3;0;0;12
1;22;8;3;0;0;0;0;6;3;0
1;22;8;3;0;0;0;0;6;3;7
1;22;8;3;0;0;0;0;6;3;11
1;22;8;3;0;0;0;0;6;3;8
1;22;8;3;0;0;0;0;6;3;12
1;22;8;3;0;0;0;0;6;3;9
1;22;8;3;0;0;0;0;6;3;6
1;44;42;1;0;0;4;3;0;0;8
1;53;43;1;0;0;4;3;0;0;11
1;53;43;1;0;0;4;3;0;0;8
1;53;43;1;0;0;4;3;0;0;12
1;114;0;1;0;0;1;0;2;6;8
1;114;0;1;0;0;1;0;2;6;12
1;114;0;1;0;0;1;0;2;6;7
1;114;0;1;0;0;1;0;2;6;6
1;114;0;1;0;0;1;0;2;6;1
1;114;0;1;0;0;1;0;2;6;2
2;34;44;1;0;0;1;8;0;0;9
2;33;1;1;0;0;4;1;0;0;6
2;33;1;1;0;0;4;1;0;0;12
1;32;11;1;0;0;4;3;0;0;9
1;32;11;1;0;0;4;3;0;0;12
1;32;11;1;0;0;4;3;0;0;11
1;32;11;1;0;0;4;3;0;0;1
2;31;94;1;0;0;4;7;0;0;4
2;31;94;1;0;0;4;7;0;0;6
2;31;94;1;0;0;4;7;0;0;0
2;31;94;1;0;0;4;7;0;0;9
2;31;94;1;0;0;4;7;0;0;2
2;31;94;1;0;0;4;7;0;0;8
2;31;94;1;0;0;4;7;0;0;7
1;36;1;1;0;0;4;3;0;0;6
1;36;1;1;0;0;4;3;0;0;10
1;32;139;3;0;0;1;3;0;0;9
1;32;139;3;0;0;1;3;0;0;6
1;32;139;3;0;0;1;3;0;0;7
1;0;1;1;2;0;4;0;2;0;7
1;0;1;1;2;0;4;0;2;0;9
1;0;1;1;2;0;4;0;2;0;6
1;0;1;1;2;0;4;0;2;0;11
1;0;1;1;2;0;4;0;2;0;0
1;0;1;1;2;0;4;0;2;0;12
2;26;83;1;0;0;2;3;0;0;4
2;26;83;1;0;0;2;3;0;0;8
2;26;83;1;0;0;2;3;0;0;12
1;0;18;3;4;0;4;3;0;0;12
1;0;18;3;4;0;4;3;0;0;0
1;0;18;3;4;0;4;3;0;0;1
1;0;18;3;4;0;4;3;0;0;4
1;0;18;3;4;0;4;3;0;0;6
1;0;18;3;4;0;4;3;0;0;7
1;0;18;3;4;0;4;3;0;0;8
1;0;140;1;0;0;0;3;2;6;8
1;0;140;1;0;0;0;3;2;6;9
1;0;140;1;0;0;0;3;2;6;11
1;0;140;1;0;0;0;3;2;6;5
1;0;140;1;0;0;0;3;2;6;12
1;0;140;1;0;0;0;3;2;6;2
1;0;140;1;0;0;0;3;2;6;1
1;25;28;1;0;0;0;0;2;1;2
1;25;28;1;0;0;0;0;2;1;7
1;25;28;1;0;0;0;0;2;1;12
1;25;28;1;0;0;0;0;2;1;8
1;25;28;1;0;0;0;0;2;1;10
1;25;28;1;0;0;0;0;2;1;9
1;0;0;1;3;1;1;6;0;0;0
1;0;0;1;3;1;1;6;0;0;11
1;0;0;1;3;1;1;6;0;0;12
1;0;0;1;3;1;1;6;0;0;9
1;0;0;1;3;1;1;6;0;0;8
1;0;0;1;3;1;1;6;0;0;5
2;32;11;1;0;0;4;2;0;0;0
2;32;11;1;0;0;4;2;0;0;8
2;32;11;1;0;0;4;2;0;0;12
2;32;11;1;0;0;4;2;0;0;4
2;31;141;1;0;0;1;8;0;0;8
1;38;91;1;0;0;4;3;0;0;0
1;38;91;1;0;0;4;3;0;0;12
1;38;91;1;0;0;4;3;0;0;9
1;38;91;1;0;0;4;3;0;0;1
1;35;30;1;0;4;0;0;6;0;12
1;35;142;1;0;0;4;3;0;0;0
1;35;142;1;0;0;4;3;0;0;3
1;35;142;1;0;0;4;3;0;0;12
1;35;142;1;0;0;4;3;0;0;6
1;35;142;1;0;0;4;3;0;0;9
1;35;142;1;0;0;4;3;0;0;8
1;35;142;1;0;0;4;3;0;0;2
2;27;9;1;0;0;7;4;0;0;9
2;27;9;1;0;0;7;4;0;0;1
2;27;9;1;0;0;7;4;0;0;12
1;26;143;3;0;0;2;3;0;0;6
1;26;143;3;0;0;2;3;0;0;0
1;26;143;3;0;0;2;3;0;0;11
1;26;143;3;0;0;2;3;0;0;8
1;26;143;3;0;0;2;3;0;0;12
1;26;143;3;0;0;2;3;0;0;9
1;34;144;3;0;0;6;3;0;0;12
1;0;34;1;0;1;0;0;6;1;0
1;0;34;1;0;1;0;0;6;1;11
1;0;34;1;0;1;0;0;6;1;5
1;0;34;1;0;1;0;0;6;1;12
1;0;34;1;0;1;0;0;6;1;6
1;0;34;1;0;1;0;0;6;1;8
1;0;34;1;0;1;0;0;6;1;9
2;44;9;1;0;0;1;3;0;0;12
2;44;9;1;0;0;1;3;0;0;6
2;44;9;1;0;0;1;3;0;0;3
2;31;145;3;0;0;6;3;0;0;12
2;0;146;3;0;4;0;0;2;3;0
2;0;146;3;0;4;0;0;2;3;12
2;0;146;3;0;4;0;0;2;3;2
2;0;146;3;0;4;0;0;2;3;8
2;0;146;3;0;4;0;0;2;3;3
1;0;23;1;0;2;0;0;6;5;9
1;0;23;1;0;2;0;0;6;5;8
1;0;23;1;0;2;0;0;6;5;1
1;0;23;1;0;2;0;0;6;5;11
1;0;23;1;0;2;0;0;6;5;0
1;0;23;1;0;2;0;0;6;5;7
1;0;23;1;0;2;0;0;6;5;12
1;0;23;1;0;2;0;0;6;5;3
1;0;23;1;0;2;0;0;6;5;2
1;0;23;1;0;2;0;0;6;5;5
2;99;16;1;0;0;4;1;0;0;7
2;46;1;1;0;0;4;3;0;0;2
2;44;10;1;0;0;4;2;0;0;8
2;44;10;1;0;0;4;2;0;0;0
2;44;10;1;0;0;4;2;0;0;4
2;44;10;1;0;0;4;2;0;0;12
1;27;147;3;0;0;0;0;3;1;0
1;27;147;3;0;0;0;0;3;1;12
1;27;147;3;0;0;0;0;3;1;8
1;27;147;3;0;0;0;0;3;1;7
1;27;147;3;0;0;0;0;3;1;9
1;27;147;3;0;0;0;0;3;1;5
2;0;83;1;0;2;0;0;1;7;2
2;0;83;1;0;2;0;0;1;7;0
2;0;83;1;0;2;0;0;1;7;9
2;0;83;1;0;2;0;0;1;7;11
2;0;83;1;0;2;0;0;1;7;3
2;0;83;1;0;2;0;0;1;7;12
1;37;148;2;0;0;1;0;0;1;12
1;37;148;2;0;0;1;0;0;1;0
1;37;148;2;0;0;1;0;0;1;7
1;37;148;2;0;0;1;0;0;1;9
1;37;148;2;0;0;1;0;0;1;8
1;37;148;2;0;0;1;0;0;1;6
1;37;148;2;0;0;1;0;0;1;2
1;37;148;2;0;0;1;0;0;1;11
1;37;148;2;0;0;1;0;0;1;1
1;37;148;2;0;0;1;0;0;1;5
2;37;122;1;0;0;1;3;0;0;2
2;37;122;1;0;0;1;3;0;0;9
2;29;149;2;0;0;4;3;0;0;0
2;29;149;2;0;0;4;3;0;0;4
1;46;150;3;0;0;4;3;0;0;12
1;46;150;3;0;0;4;3;0;0;8
1;46;150;3;0;0;4;3;0;0;4
2;99;3;3;0;0;4;7;0;0;2
2;99;3;3;0;0;4;7;0;0;4
2;99;3;3;0;0;4;7;0;0;8
2;99;3;3;0;0;4;7;0;0;12
2;99;3;3;0;0;4;7;0;0;0
2;99;3;3;0;0;4;7;0;0;11
2;99;3;3;0;0;4;7;0;0;6
2;34;151;1;0;0;4;3;0;0;4
2;34;151;1;0;0;4;3;0;0;0
2;34;151;1;0;0;4;3;0;0;9
2;34;151;1;0;0;4;3;0;0;3
2;34;151;1;0;0;4;3;0;0;12
2;45;152;3;0;0;6;8;0;0;0
2;45;152;3;0;0;6;8;0;0;12
2;45;152;3;0;0;6;8;0;0;7
2;45;152;3;0;0;6;8;0;0;2
2;45;152;3;0;0;6;8;0;0;11
2;45;152;3;0;0;6;8;0;0;8
2;45;152;3;0;0;6;8;0;0;1
2;45;152;3;0;0;6;8;0;0;10
2;45;152;3;0;0;6;8;0;0;6
2;45;153;1;0;0;4;3;0;0;2
2;45;153;1;0;0;4;3;0;0;0
2;45;153;1;0;0;4;3;0;0;12
1;0;28;1;2;1;0;8;0;0;0
1;0;28;1;2;1;0;8;0;0;9
1;0;28;1;2;1;0;8;0;0;2
1;0;28;1;2;1;0;8;0;0;12
2;27;1;1;0;0;1;3;0;0;0
1;22;154;1;0;0;1;0;6;0;7
1;22;154;1;0;0;1;0;6;0;12
1;22;154;1;0;0;1;0;6;0;0
1;22;154;1;0;0;1;0;6;0;9
1;22;154;1;0;0;1;0;6;0;11
1;22;154;1;0;0;1;0;6;0;8
1;22;154;1;0;0;1;0;6;0;2
2;35;155;2;0;0;4;4;0;0;8
2;35;155;2;0;0;4;4;0;0;0
2;35;155;2;0;0;4;4;0;0;9
1;40;149;2;0;0;4;8;0;0;7
1;40;149;2;0;0;4;8;0;0;2
1;40;149;2;0;0;4;8;0;0;9
1;40;149;2;0;0;4;8;0;0;12
1;40;149;2;0;0;4;8;0;0;6
1;40;149;2;0;0;4;8;0;0;8
1;40;149;2;0;0;4;8;0;0;4
1;40;149;2;0;0;4;8;0;0;0
1;40;149;2;0;0;4;8;0;0;11
2;0;117;1;2;2;0;0;5;0;4
1;33;156;3;0;0;4;3;0;0;4
1;33;156;3;0;0;4;3;0;0;0
1;33;156;3;0;0;4;3;0;0;9
1;29;6;2;0;0;0;3;2;0;0
1;29;6;2;0;0;0;3;2;0;9
1;29;6;2;0;0;0;3;2;0;6
1;29;6;2;0;0;0;3;2;0;12
1;29;6;2;0;0;0;3;2;0;2
1;29;6;2;0;0;0;3;2;0;8
1;29;6;2;0;0;0;3;2;0;1
1;29;6;2;0;0;0;3;2;0;11
1;0;1;1;0;0;7;0;1;6;0
1;0;1;1;0;0;7;0;1;6;12
1;0;1;1;0;0;7;0;1;6;6
1;0;1;1;0;0;7;0;1;6;9
1;0;1;1;0;0;7;0;1;6;8
1;0;1;1;0;0;7;0;1;6;10
1;0;1;1;0;0;7;0;1;6;1
2;29;157;1;0;0;3;3;0;0;0
1;30;18;3;0;0;6;1;0;0;7
1;30;18;3;0;0;6;1;0;0;0
1;56;7;1;0;0;4;3;0;0;11
1;56;7;1;0;0;4;3;0;0;9
1;56;7;1;0;0;4;3;0;0;8
1;56;7;1;0;0;4;3;0;0;6
1;56;7;1;0;0;4;3;0;0;1
1;56;7;1;0;0;4;3;0;0;3
1;56;7;1;0;0;4;3;0;0;12
1;56;7;1;0;0;4;3;0;0;0
1;25;2;1;0;0;6;3;0;0;9
1;24;15;1;0;0;1;8;0;0;8
2;0;85;1;0;3;1;7;0;0;9
2;0;85;1;0;3;1;7;0;0;0
2;0;85;1;0;3;1;7;0;0;4
2;0;85;1;0;3;1;7;0;0;2
2;33;10;1;4;0;0;0;2;0;11
2;33;10;1;4;0;0;0;2;0;3
2;33;10;1;4;0;0;0;2;0;8
2;33;10;1;4;0;0;0;2;0;12
2;33;10;1;4;0;0;0;2;0;2
2;33;10;1;4;0;0;0;2;0;4
2;33;10;1;4;0;0;0;2;0;5
2;33;10;1;4;0;0;0;2;0;9
1;50;158;1;0;0;6;6;0;0;8
2;32;159;12;0;0;4;1;0;0;8
2;32;159;12;0;0;4;1;0;0;0
2;32;159;12;0;0;4;1;0;0;4
2;32;159;12;0;0;4;1;0;0;11
2;32;159;12;0;0;4;1;0;0;9
2;32;159;12;0;0;4;1;0;0;6
2;32;159;12;0;0;4;1;0;0;2
2;32;159;12;0;0;4;1;0;0;7
1;34;1;1;0;0;6;6;0;0;0
1;34;1;1;0;0;6;6;0;0;1
2;36;160;3;0;0;1;3;0;0;12
1;27;11;1;0;0;1;7;0;0;1
1;27;11;1;0;0;1;7;0;0;12
1;27;11;1;0;0;1;7;0;0;9
1;27;11;1;0;0;1;7;0;0;2
1;27;11;1;0;0;1;7;0;0;0
1;27;11;1;0;0;1;7;0;0;6
2;31;10;1;0;0;0;0;3;1;8
2;31;10;1;0;0;0;0;3;1;12
1;31;161;3;0;0;4;5;0;0;4
1;31;161;3;0;0;4;5;0;0;2
1;31;161;3;0;0;4;5;0;0;6
1;31;161;3;0;0;4;5;0;0;12
1;31;161;3;0;0;4;5;0;0;7
1;31;161;3;0;0;4;5;0;0;0
1;31;161;3;0;0;4;5;0;0;10
1;31;161;3;0;0;4;5;0;0;8
1;31;161;3;0;0;4;5;0;0;9
1;31;161;3;0;0;4;5;0;0;3
2;30;162;1;0;0;6;3;0;0;4
2;30;162;1;0;0;6;3;0;0;9
2;30;162;1;0;0;6;3;0;0;0
2;30;162;1;0;0;6;3;0;0;12
2;30;162;1;0;0;6;3;0;0;2
2;30;162;1;0;0;6;3;0;0;7
1;41;3;3;0;0;1;3;0;0;8
1;41;3;3;0;0;1;3;0;0;5
2;26;163;1;0;0;6;8;0;0;8
2;26;163;1;0;0;6;8;0;0;9
2;26;163;1;0;0;6;8;0;0;2
2;26;163;1;0;0;6;8;0;0;7
2;26;163;1;0;0;6;8;0;0;12
2;26;163;1;0;0;6;8;0;0;6
1;45;14;1;0;0;5;3;0;0;11
1;45;14;1;0;0;5;3;0;0;2
1;45;14;1;0;0;5;3;0;0;6
1;45;14;1;0;0;5;3;0;0;9
1;45;14;1;0;0;5;3;0;0;3
1;45;14;1;0;0;5;3;0;0;7
2;30;8;3;0;0;4;3;0;0;2
2;30;8;3;0;0;4;3;0;0;0
2;30;8;3;0;0;4;3;0;0;12
2;30;8;3;0;0;4;3;0;0;9
2;30;8;3;0;0;4;3;0;0;4
2;30;8;3;0;0;4;3;0;0;8
2;30;8;3;0;0;4;3;0;0;3
2;30;8;3;0;0;4;3;0;0;7
2;30;8;3;0;0;4;3;0;0;5
2;30;8;3;0;0;4;3;0;0;6
2;30;8;3;0;0;4;3;0;0;1
2;33;164;1;0;0;4;3;0;0;4
2;33;164;1;0;0;4;3;0;0;0
2;33;164;1;0;0;4;3;0;0;12
2;33;164;1;0;0;4;3;0;0;9
2;33;164;1;0;0;4;3;0;0;8
2;33;164;1;0;0;4;3;0;0;1
2;29;165;1;0;0;2;3;0;0;0
2;29;165;1;0;0;2;3;0;0;3
2;39;15;1;0;0;1;1;0;0;4
2;34;83;1;0;0;4;3;0;0;11
2;34;83;1;0;0;4;3;0;0;0
2;34;83;1;0;0;4;3;0;0;12
1;22;25;1;0;0;4;3;0;0;12
1;22;25;1;0;0;4;3;0;0;0
1;35;166;1;0;0;4;3;0;0;11
1;35;166;1;0;0;4;3;0;0;8
1;35;166;1;0;0;4;3;0;0;12
2;33;167;1;0;0;1;3;0;0;4
2;34;34;1;0;0;1;3;0;0;0
2;34;34;1;0;0;1;3;0;0;3
2;34;34;1;0;0;1;3;0;0;7
2;34;34;1;0;0;1;3;0;0;4
2;34;34;1;0;0;1;3;0;0;2
2;0;0;1;0;0;1;3;1;2;3
2;0;0;1;0;0;1;3;1;2;0
2;0;0;1;0;0;1;3;1;2;9
2;0;0;1;0;0;1;3;1;2;6
2;0;0;1;0;0;1;3;1;2;8
2;0;0;1;0;0;1;3;1;2;12
2;0;0;1;0;0;1;3;1;2;2
2;0;0;1;0;0;1;3;1;2;5
1;0;96;1;0;0;4;0;5;1;0
1;0;96;1;0;0;4;0;5;1;2
1;0;96;1;0;0;4;0;5;1;7
1;0;96;1;0;0;4;0;5;1;12
1;0;96;1;0;0;4;0;5;1;9
1;0;96;1;0;0;4;0;5;1;11
1;0;96;1;0;0;4;0;5;1;3
1;0;96;1;0;0;4;0;5;1;1
2;0;1;1;0;0;0;3;2;6;1
1;0;1;1;0;0;1;3;0;0;8
1;0;1;1;0;0;1;3;0;0;7
1;0;1;1;0;0;1;3;0;0;1
1;0;1;1;0;0;1;3;0;0;2
1;0;1;1;0;0;1;3;0;0;3
1;0;1;1;0;0;1;3;0;0;4
1;0;1;1;0;0;1;3;0;0;12
1;0;1;1;0;0;1;3;0;0;6
1;0;1;1;0;0;1;3;0;0;0
1;0;1;1;0;0;1;3;0;0;10
1;0;1;1;0;0;1;3;0;0;9
2;0;25;1;0;0;4;3;0;0;12
2;0;25;1;0;0;4;3;0;0;6
1;34;45;1;0;0;1;0;0;0;12
1;34;45;1;0;0;1;0;0;0;1
1;34;45;1;0;0;1;0;0;0;8
1;35;46;1;0;0;0;3;0;0;11
1;33;168;1;0;0;4;0;0;0;9
1;33;168;1;0;0;4;0;0;0;1
1;33;168;1;0;0;4;0;0;0;7
1;33;168;1;0;0;4;0;0;0;12
1;33;168;1;0;0;4;0;0;0;8
1;33;168;1;0;0;4;0;0;0;6
1;29;2;1;0;0;6;0;0;0;7
2;0;47;13;0;0;6;3;0;0;8
2;0;169;1;0;0;4;3;0;0;0
2;0;169;1;0;0;4;3;0;0;5
2;27;0;14;0;0;6;3;0;0;9
2;27;0;14;0;0;6;3;0;0;12
2;38;49;1;0;0;4;0;0;0;12
2;38;49;1;0;0;4;0;0;0;5
2;38;49;1;0;0;4;0;0;0;11
2;38;49;1;0;0;4;0;0;0;8
2;29;50;1;0;0;4;0;0;0;12
2;29;50;1;0;0;4;0;0;0;6
2;29;50;1;0;0;4;0;0;0;2
1;40;51;1;0;0;4;0;0;0;7
1;24;29;1;0;0;4;0;0;0;11
1;24;29;1;0;0;4;0;0;0;12
2;77;16;1;0;0;0;1;0;0;12
2;77;16;1;0;0;0;1;0;0;4
2;25;14;1;0;0;4;0;0;0;0
2;25;14;1;0;0;4;0;0;0;4
2;25;14;1;0;0;4;0;0;0;1
2;25;14;1;0;0;4;0;0;0;8
2;25;14;1;0;0;4;0;0;0;3
2;25;14;1;0;0;4;0;0;0;2
2;25;14;1;0;0;4;0;0;0;12
2;25;14;1;0;0;4;0;0;0;9
2;25;14;1;0;0;4;0;0;0;11
1;0;2;1;0;0;4;3;0;0;8
1;0;2;1;0;0;4;3;0;0;0
1;0;2;1;0;0;4;3;0;0;12
1;0;2;1;0;0;4;3;0;0;9
1;0;2;1;0;0;4;3;0;0;1
1;36;2;1;0;0;0;3;0;0;9
1;36;2;1;0;0;0;3;0;0;12
1;33;170;1;0;0;4;0;0;0;0
1;33;170;1;0;0;4;0;0;0;9
1;33;170;1;0;0;4;0;0;0;8
1;33;170;1;0;0;4;0;0;0;12
1;33;170;1;0;0;4;0;0;0;3
1;33;170;1;0;0;4;0;0;0;4
1;33;170;1;0;0;4;0;0;0;2
1;33;170;1;0;0;4;0;0;0;6
2;0;2;1;0;0;1;8;0;0;9
2;0;2;1;0;0;1;8;0;0;12
2;0;141;1;0;2;0;4;0;0;0
2;0;141;1;0;2;0;4;0;0;8
2;0;141;1;0;2;0;4;0;0;6
2;0;141;1;0;2;0;4;0;0;9
2;0;141;1;0;2;0;4;0;0;4
2;0;141;1;0;2;0;4;0;0;12
2;0;141;1;0;2;0;4;0;0;10
2;0;141;1;0;2;0;4;0;0;7
2;0;2;1;0;0;2;4;0;0;0
2;0;2;1;0;0;2;4;0;0;7
2;0;2;1;0;0;2;4;0;0;12
2;0;2;1;0;0;2;4;0;0;11
2;0;2;1;0;0;2;4;0;0;9
2;31;1;1;0;0;0;6;0;0;0
2;31;1;1;0;0;0;6;0;0;8
1;0;2;1;0;0;2;3;0;0;7
1;0;171;3;0;0;4;4;0;0;12
1;0;171;3;0;0;4;4;0;0;9
2;0;0;15;0;0;1;2;0;0;8
1;35;173;16;0;0;2;0;0;0;4
1;35;173;16;0;0;2;0;0;0;12
1;35;173;16;0;0;2;0;0;0;0
2;0;174;3;0;0;1;4;0;0;0
2;0;174;3;0;0;1;4;0;0;9
2;31;74;1;0;0;1;0;0;0;9
2;31;74;1;0;0;1;0;0;0;3
2;31;74;1;0;0;1;0;0;0;0
2;31;74;1;0;0;1;0;0;0;7
2;31;74;1;0;0;1;0;0;0;2
2;31;74;1;0;0;1;0;0;0;12
2;31;74;1;0;0;1;0;0;0;8
2;31;74;1;0;0;1;0;0;0;11
2;31;74;1;0;0;1;0;0;0;1
2;31;74;1;0;0;1;0;0;0;10
1;24;108;1;0;0;1;0;0;0;9
1;24;108;1;0;0;1;0;0;0;0
1;24;108;1;0;0;1;0;0;0;11
1;24;108;1;0;0;1;0;0;0;7
1;24;108;1;0;0;1;0;0;0;6
1;24;108;1;0;0;1;0;0;0;12
1;24;108;1;0;0;1;0;0;0;1
1;24;108;1;0;0;1;0;0;0;8
1;0;26;1;0;0;4;3;0;0;9
1;0;26;1;0;0;4;3;0;0;1
1;0;26;1;0;0;4;3;0;0;11
1;0;26;1;0;0;4;3;0;0;0
1;0;26;1;0;0;4;3;0;0;6
1;0;26;1;0;0;4;3;0;0;12
1;0;63;1;0;0;4;6;0;0;0
1;0;63;1;0;0;4;6;0;0;1
1;0;63;1;0;0;4;6;0;0;6
1;0;63;1;0;0;4;6;0;0;9
1;0;63;1;0;0;4;6;0;0;12
1;0;63;1;0;0;4;6;0;0;11
2;36;0;13;0;0;1;5;0;0;11
2;0;1;1;0;0;2;6;0;0;3
1;30;14;1;0;0;7;0;0;0;9
1;30;14;1;0;0;7;0;0;0;11
1;30;14;1;0;0;7;0;0;0;0
1;30;14;1;0;0;7;0;0;0;6
1;30;14;1;0;0;7;0;0;0;8
1;30;14;1;0;0;7;0;0;0;5
1;30;14;1;0;0;7;0;0;0;1
1;30;14;1;0;0;7;0;0;0;12
1;30;14;1;0;0;7;0;0;0;4
2;33;175;1;0;0;1;0;0;0;1
2;33;175;1;0;0;1;0;0;0;6
2;33;175;1;0;0;1;0;0;0;0
2;33;175;1;0;0;1;0;0;0;8
2;33;175;1;0;0;1;0;0;0;2
2;33;175;1;0;0;1;0;0;0;3
1;35;83;1;0;0;4;0;0;0;0
1;51;176;1;0;0;4;0;0;0;12
2;35;177;1;0;0;6;0;0;0;8
1;30;0;1;0;0;4;3;0;0;7
1;37;178;1;0;0;4;0;0;0;0
1;37;178;1;0;0;4;0;0;0;12
1;30;117;1;0;0;4;0;0;0;12
1;30;117;1;0;0;4;0;0;0;3
1;30;117;1;0;0;4;0;0;0;11
1;30;117;1;0;0;4;0;0;0;0
1;30;117;1;0;0;4;0;0;0;9
1;0;1;1;0;0;1;1;0;0;9
1;0;1;1;0;0;1;1;0;0;8
1;0;1;1;0;0;1;1;0;0;12
1;0;10;1;0;0;1;3;0;0;12
1;0;10;1;0;0;1;3;0;0;4
1;0;53;1;0;0;4;3;0;0;12
1;0;53;1;0;0;4;3;0;0;4
1;0;18;3;0;0;2;3;0;0;12
1;0;18;3;0;0;2;3;0;0;9
1;0;18;3;0;0;2;3;0;0;1
1;0;18;3;0;0;2;3;0;0;0
1;39;15;1;0;0;4;0;0;0;7
1;39;15;1;0;0;4;0;0;0;1
1;39;15;1;0;0;4;0;0;0;5
1;39;15;1;0;0;4;0;0;0;0
1;39;15;1;0;0;4;0;0;0;12
1;39;15;1;0;0;4;0;0;0;4
1;39;15;1;0;0;4;0;0;0;11
1;39;15;1;0;0;4;0;0;0;8
1;39;15;1;0;0;4;0;0;0;6
1;39;15;1;0;0;4;0;0;0;2
1;40;179;1;0;0;4;0;0;0;0
1;40;179;1;0;0;4;0;0;0;11
2;49;7;1;0;0;5;0;0;0;2
2;49;7;1;0;0;5;0;0;0;1
1;0;1;1;0;0;1;0;0;6;12
1;0;1;1;0;0;1;0;0;6;9
1;0;1;1;0;0;1;0;0;6;0
1;28;93;1;0;0;4;0;0;0;2
1;28;93;1;0;0;4;0;0;0;0
1;28;93;1;0;0;4;0;0;0;8
1;28;93;1;0;0;4;0;0;0;9
1;28;93;1;0;0;4;0;0;0;3
1;28;93;1;0;0;4;0;0;0;12
2;29;94;1;0;0;1;0;0;0;8
2;29;94;1;0;0;1;0;0;0;0
2;29;94;1;0;0;1;0;0;0;12
2;29;94;1;0;0;1;0;0;0;9
2;29;94;1;0;0;1;0;0;0;5
2;29;94;1;0;0;1;0;0;0;1
2;29;94;1;0;0;1;0;0;0;11
2;29;94;1;0;0;1;0;0;0;4
2;0;180;1;0;0;1;3;0;0;12
2;0;180;1;0;0;1;3;0;0;8
2;0;180;1;0;0;1;3;0;0;11
1;27;144;3;0;0;7;0;0;0;0
1;27;144;3;0;0;7;0;0;0;6
1;0;174;3;0;0;4;3;0;0;7
1;0;174;3;0;0;4;3;0;0;1
2;0;0;1;4;1;6;0;0;0;12
2;0;0;1;4;1;6;0;0;0;0
1;0;83;1;0;0;1;3;0;0;11
1;0;25;1;0;0;1;3;0;0;7
1;0;25;1;0;0;1;3;0;0;8
1;0;25;1;0;0;1;3;0;0;11
1;0;25;1;0;0;1;3;0;0;0
1;0;25;1;0;0;1;3;0;0;6
1;0;25;1;0;0;1;3;0;0;12
1;0;25;1;0;0;1;3;0;0;5
1;0;25;1;0;0;1;3;0;0;9
1;0;25;1;0;0;1;3;0;0;1
2;0;27;7;0;0;4;4;0;0;12
2;0;27;7;0;0;4;4;0;0;5
1;0;0;1;0;0;0;8;2;6;0
1;0;0;1;0;0;0;8;2;6;9
1;0;0;1;0;0;0;8;2;6;6
1;0;0;1;0;0;0;8;2;6;3
1;0;0;1;0;0;0;8;2;6;12
1;0;0;1;0;0;0;8;2;6;1
1;33;40;7;0;0;0;3;0;0;0
1;33;40;7;0;0;0;3;0;0;6
1;33;40;7;0;0;0;3;0;0;9
1;33;40;7;0;0;0;3;0;0;1
1;33;40;7;0;0;0;3;0;0;7
1;24;181;3;0;0;0;3;0;0;0
1;24;181;3;0;0;0;3;0;0;8
1;24;181;3;0;0;0;3;0;0;12
1;24;181;3;0;0;0;3;0;0;11
1;24;181;3;0;0;0;3;0;0;6
1;24;181;3;0;0;0;3;0;0;9
1;24;181;3;0;0;0;3;0;0;7
2;0;26;1;3;2;0;0;0;0;12
2;0;26;1;3;2;0;0;0;0;9
2;0;26;1;3;2;0;0;0;0;0
2;0;26;1;3;2;0;0;0;0;6
2;0;26;1;3;2;0;0;0;0;1
2;0;26;1;3;2;0;0;0;0;2
2;0;26;1;3;2;0;0;0;0;3
1;47;61;1;0;0;0;4;0;0;9
1;47;61;1;0;0;0;4;0;0;12
2;33;1;1;0;0;4;0;0;0;4
2;33;1;1;0;0;4;0;0;0;2
2;33;1;1;0;0;4;0;0;0;12
2;33;1;1;0;0;4;0;0;0;0
2;33;1;1;0;0;4;0;0;0;8
2;33;1;1;0;0;4;0;0;0;6
2;33;1;1;0;0;4;0;0;0;5
1;39;10;1;0;0;4;0;0;0;7
1;39;10;1;0;0;4;0;0;0;12
1;39;10;1;0;0;4;0;0;0;10
1;0;61;1;0;0;3;3;0;0;0
1;0;61;1;0;0;3;3;0;0;7
1;34;124;1;0;0;4;0;0;0;1
1;34;124;1;0;0;4;0;0;0;0
1;34;124;1;0;0;4;0;0;0;7
1;34;124;1;0;0;4;0;0;0;11
1;34;124;1;0;0;4;0;0;0;9
1;34;124;1;0;0;4;0;0;0;6
1;34;124;1;0;0;4;0;0;0;12
1;33;19;7;0;0;1;0;0;0;0
2;33;76;1;0;0;4;0;0;0;0
2;33;76;1;0;0;4;0;0;0;8
2;33;76;1;0;0;4;0;0;0;4
2;33;76;1;0;0;4;0;0;0;9
2;33;76;1;0;0;4;0;0;0;3
2;33;76;1;0;0;4;0;0;0;2
2;33;76;1;0;0;4;0;0;0;12
2;30;178;1;0;0;1;0;0;0;7
2;30;178;1;0;0;1;0;0;0;0
2;30;178;1;0;0;1;0;0;0;3
2;30;178;1;0;0;1;0;0;0;6
2;30;178;1;0;0;1;0;0;0;2
2;30;178;1;0;0;1;0;0;0;9
2;30;178;1;0;0;1;0;0;0;12
2;30;178;1;0;0;1;0;0;0;4
2;30;178;1;0;0;1;0;0;0;10
2;30;178;1;0;0;1;0;0;0;1
1;0;1;1;0;0;4;3;0;0;9
1;0;1;1;0;0;4;3;0;0;0
1;0;1;1;0;0;4;3;0;0;4
2;28;85;1;0;0;4;0;0;0;9
2;28;85;1;0;0;4;0;0;0;8
2;28;85;1;0;0;4;0;0;0;4
2;28;85;1;0;0;4;0;0;0;12
2;32;52;1;0;0;6;0;0;0;0
2;32;52;1;0;0;6;0;0;0;11
2;32;52;1;0;0;6;0;0;0;12
2;32;52;1;0;0;6;0;0;0;9
1;0;53;1;0;0;4;3;0;0;9
1;0;53;1;0;0;4;3;0;0;7
1;0;53;1;0;0;4;3;0;0;0
1;35;55;1;0;0;4;0;0;0;8
2;0;1;1;0;0;7;3;0;0;12
2;0;1;1;0;0;4;3;0;0;4
2;0;1;1;0;0;4;3;0;0;7
2;0;45;1;0;0;4;4;0;0;12
1;37;19;7;0;0;4;0;0;0;0
1;51;182;1;0;0;4;0;0;0;6
1;51;182;1;0;0;4;0;0;0;0
1;51;182;1;0;0;4;0;0;0;10
1;51;182;1;0;0;4;0;0;0;4
1;51;182;1;0;0;4;0;0;0;2
1;44;14;1;0;0;1;0;0;0;7
1;44;14;1;0;0;1;0;0;0;1
1;44;14;1;0;0;1;0;0;0;12
1;37;119;1;0;0;1;0;0;0;12
1;37;119;1;0;0;1;0;0;0;11
1;37;119;1;0;0;1;0;0;0;0
2;27;76;1;0;0;0;5;0;0;2
2;27;76;1;0;0;0;5;0;0;8
2;27;76;1;0;0;0;5;0;0;0
2;27;76;1;0;0;0;5;0;0;4
2;27;76;1;0;0;0;5;0;0;12
2;27;76;1;0;0;0;5;0;0;9
2;27;76;1;0;0;0;5;0;0;1
2;27;76;1;0;0;0;5;0;0;6
1;35;118;1;0;0;4;0;0;0;0
1;35;118;1;0;0;4;0;0;0;12
1;35;118;1;0;0;4;0;0;0;8
1;35;118;1;0;0;4;0;0;0;1
1;35;118;1;0;0;4;0;0;0;6
1;35;118;1;0;0;4;0;0;0;9
1;35;118;1;0;0;4;0;0;0;11
2;0;1;1;0;0;1;3;0;0;7
1;0;1;1;0;0;6;3;0;0;0
2;29;19;7;0;0;4;0;0;0;0
2;29;19;7;0;0;4;0;0;0;9
2;32;55;1;0;0;0;3;0;0;9
2;24;1;1;0;0;4;0;0;0;0
2;24;1;1;0;0;4;0;0;0;11
2;24;1;1;0;0;4;0;0;0;3
2;24;1;1;0;0;4;0;0;0;2
2;24;1;1;0;0;4;0;0;0;1
2;24;1;1;0;0;4;0;0;0;6
2;24;1;1;0;0;4;0;0;0;9
2;24;1;1;0;0;4;0;0;0;12
1;23;0;1;0;0;6;8;0;0;2
2;56;183;17;0;0;4;0;0;0;10
2;56;183;17;0;0;4;0;0;0;6
2;56;183;17;0;0;4;0;0;0;7
2;56;183;17;0;0;4;0;0;0;9
2;56;183;17;0;0;4;0;0;0;11
2;56;183;17;0;0;4;0;0;0;5
2;56;183;17;0;0;4;0;0;0;4
2;56;183;17;0;0;4;0;0;0;12
2;56;183;17;0;0;4;0;0;0;8
2;56;183;17;0;0;4;0;0;0;3
2;56;183;17;0;0;4;0;0;0;2
2;47;1;1;0;0;1;0;0;0;4
2;47;1;1;0;0;1;0;0;0;5
2;47;1;1;0;0;1;0;0;0;6
2;47;1;1;0;0;1;0;0;0;9
2;47;1;1;0;0;1;0;0;0;0
2;47;1;1;0;0;1;0;0;0;1
2;47;1;1;0;0;1;0;0;0;2
2;47;1;1;0;0;1;0;0;0;8
2;0;184;1;0;0;1;3;0;0;6
1;0;99;1;1;1;0;0;0;0;0
1;0;99;1;1;1;0;0;0;0;12
1;0;99;1;1;1;0;0;0;0;1
1;0;99;1;1;1;0;0;0;0;8
1;0;99;1;1;1;0;0;0;0;9
1;0;99;1;1;1;0;0;0;0;11
1;32;0;1;0;0;1;3;0;0;11
1;36;41;1;0;0;4;0;0;0;0
1;36;41;1;0;0;4;0;0;0;9
1;36;41;1;0;0;4;0;0;0;12
1;36;41;1;0;0;4;0;0;0;1
1;36;41;1;0;0;4;0;0;0;5
2;0;185;18;0;0;6;7;0;0;5
2;0;185;18;0;0;6;7;0;0;6
2;0;185;18;0;0;6;7;0;0;8
2;0;185;18;0;0;6;7;0;0;12
2;0;185;18;0;0;6;7;0;0;2
1;50;41;1;0;0;0;5;0;0;0
1;50;41;1;0;0;0;5;0;0;12
1;50;41;1;0;0;0;5;0;0;7
2;0;186;1;0;0;0;0;2;6;0
2;0;186;1;0;0;0;0;2;6;12
1;0;11;1;4;0;4;0;0;0;7
1;0;11;1;4;0;4;0;0;0;12
1;0;11;1;4;0;4;0;0;0;6
1;0;11;1;4;0;4;0;0;0;0
1;0;11;1;4;0;4;0;0;0;9
2;0;187;15;0;0;1;3;0;0;4
2;31;187;15;0;0;6;0;0;0;4
2;28;2;1;0;0;1;0;0;0;9
2;28;2;1;0;0;1;0;0;0;0
2;28;2;1;0;0;1;0;0;0;8
2;28;2;1;0;0;1;0;0;0;12
2;28;2;1;0;0;1;0;0;0;1
2;27;10;1;0;0;1;0;0;0;12
2;37;91;1;0;0;4;0;0;0;11
1;0;10;1;0;0;1;4;0;0;12
1;50;10;1;0;0;1;0;0;0;0
2;32;188;1;0;0;0;3;0;0;12
1;0;25;1;0;0;0;0;2;1;8
1;0;91;1;0;0;1;4;0;0;12
1;0;91;1;0;0;1;4;0;0;9
1;0;91;1;0;0;1;4;0;0;1
2;43;25;1;0;0;4;0;0;0;4
2;0;83;1;0;0;6;3;0;0;0
2;0;83;1;0;0;6;3;0;0;5
2;0;83;1;0;0;6;3;0;0;12
2;0;83;1;0;0;6;3;0;0;9
2;0;83;1;0;0;6;3;0;0;8
2;0;83;1;0;0;6;3;0;0;11
2;30;23;1;0;0;1;0;0;0;0
2;30;23;1;0;0;1;0;0;0;6
2;30;23;1;0;0;1;0;0;0;1
2;30;23;1;0;0;1;0;0;0;12
2;30;23;1;0;0;1;0;0;0;3
2;31;189;1;0;0;1;0;0;0;0
1;0;190;1;0;4;0;0;2;0;0
1;0;190;1;0;4;0;0;2;0;9
1;0;190;1;0;4;0;0;2;0;8
1;0;190;1;0;4;0;0;2;0;12
1;0;191;1;0;0;4;3;0;0;12
2;29;192;11;0;0;0;1;0;0;8
2;29;192;11;0;0;0;1;0;0;12
2;29;192;11;0;0;0;1;0;0;0
2;0;24;1;0;0;5;7;0;0;2
2;0;24;1;0;0;5;7;0;0;4
2;0;24;1;0;0;5;7;0;0;3
2;0;24;1;0;0;5;7;0;0;0
2;0;24;1;0;0;5;7;0;0;8
2;0;193;1;0;0;1;3;0;0;8
2;0;193;1;0;0;1;3;0;0;9
2;0;193;1;0;0;1;3;0;0;2
2;0;193;1;0;0;1;3;0;0;0
2;0;193;1;0;0;1;3;0;0;6
2;0;194;5;4;4;0;0;0;0;3
1;0;144;3;0;0;1;3;0;0;8
1;37;103;1;0;0;1;0;0;0;9
2;33;85;1;0;0;4;0;0;0;6
2;33;85;1;0;0;4;0;0;0;9
2;33;85;1;0;0;4;0;0;0;8
2;33;85;1;0;0;4;0;0;0;0
2;33;85;1;0;0;4;0;0;0;12
2;33;85;1;0;0;4;0;0;0;1
2;33;85;1;0;0;4;0;0;0;3
2;33;85;1;0;0;4;0;0;0;2
1;0;195;1;0;1;4;0;0;0;11
1;0;195;1;0;1;4;0;0;0;12
1;0;195;1;0;1;4;0;0;0;9
1;0;195;1;0;1;4;0;0;0;0
1;0;195;1;0;1;4;0;0;0;6
1;0;25;1;0;0;4;3;0;0;11
1;0;25;1;0;0;4;3;0;0;12
1;0;25;1;0;0;4;3;0;0;0
2;41;196;1;0;0;1;0;0;0;12
2;41;196;1;0;0;1;0;0;0;4
2;41;196;1;0;0;1;0;0;0;11
2;30;197;2;0;0;0;5;0;0;1
2;26;31;1;0;0;6;0;0;0;3
2;26;31;1;0;0;6;0;0;0;0
2;26;31;1;0;0;6;0;0;0;4
2;26;31;1;0;0;6;0;0;0;12
2;26;31;1;0;0;6;0;0;0;9
2;26;31;1;0;0;6;0;0;0;8
1;39;198;19;0;0;4;0;0;0;6
2;0;44;1;0;0;6;4;0;0;12
1;0;3;3;0;0;0;0;1;6;9
1;0;3;3;0;0;0;0;1;6;2
1;0;3;3;0;0;0;0;1;6;0
1;0;3;3;0;0;0;0;1;6;1
1;0;3;3;0;0;0;0;1;6;3
1;0;3;3;0;0;0;0;1;6;12
1;29;199;1;0;0;1;0;0;0;7
1;0;83;1;0;0;3;0;0;6;11
1;0;83;1;0;0;3;0;0;6;10
1;0;83;1;0;0;3;0;0;6;12
1;0;83;1;0;0;3;0;0;6;9
1;0;83;1;0;0;3;0;0;6;8
2;41;15;1;0;0;4;0;0;0;2
2;41;15;1;0;0;4;0;0;0;9
1;40;128;3;0;0;4;0;0;0;11
1;40;128;3;0;0;4;0;0;0;9
2;32;200;1;0;0;0;3;0;0;9
2;32;200;1;0;0;0;3;0;0;8
1;0;0;1;0;0;0;3;2;1;9
1;0;0;1;0;0;0;3;2;1;0
1;0;0;1;0;0;0;3;2;1;12
2;34;93;1;0;0;1;0;0;0;0
1;24;117;1;0;0;0;6;0;0;12
1;24;117;1;0;0;0;6;0;0;0
1;24;117;1;0;0;0;6;0;0;5
1;24;117;1;0;0;0;6;0;0;7
2;0;1;1;0;0;1;5;0;0;0
2;0;1;1;0;0;1;5;0;0;9
2;31;201;1;0;0;0;3;0;0;8
2;31;201;1;0;0;0;3;0;0;4
2;31;201;1;0;0;0;3;0;0;12
2;31;201;1;0;0;0;3;0;0;0
1;0;81;1;0;0;1;3;0;0;7
1;37;67;1;0;0;4;0;0;0;9
1;37;67;1;0;0;4;0;0;0;1
1;37;67;1;0;0;4;0;0;0;4
1;37;67;1;0;0;4;0;0;0;6
1;37;67;1;0;0;4;0;0;0;2
1;37;67;1;0;0;4;0;0;0;12
2;21;12;3;0;0;0;0;0;6;3
2;21;12;3;0;0;0;0;0;6;0
2;21;12;3;0;0;0;0;0;6;1
2;21;12;3;0;0;0;0;0;6;2
2;21;12;3;0;0;0;0;0;6;9
2;21;12;3;0;0;0;0;0;6;8
2;0;92;4;0;0;4;2;0;0;2
2;0;92;4;0;0;4;2;0;0;5
2;0;92;4;0;0;4;2;0;0;6
2;0;92;4;0;0;4;2;0;0;9
2;0;92;4;0;0;4;2;0;0;4
2;0;92;4;0;0;4;2;0;0;12
2;0;10;1;0;0;4;8;0;0;1
2;0;10;1;0;0;4;8;0;0;9
2;0;134;3;0;0;1;3;0;0;0
2;0;134;3;0;0;1;3;0;0;8
2;0;134;3;0;0;1;3;0;0;6
2;0;134;3;0;0;1;3;0;0;1
2;0;134;3;0;0;1;3;0;0;3
2;39;189;1;0;0;4;0;0;0;6
2;39;189;1;0;0;4;0;0;0;11
2;39;189;1;0;0;4;0;0;0;8
2;39;189;1;0;0;4;0;0;0;9
2;39;189;1;0;0;4;0;0;0;5
2;39;189;1;0;0;4;0;0;0;12
2;0;202;1;0;0;4;6;0;0;11
2;0;202;1;0;0;4;6;0;0;9
1;20;154;1;0;0;0;3;0;0;9
1;20;154;1;0;0;0;3;0;0;11
1;20;154;1;0;0;0;3;0;0;2
1;20;154;1;0;0;0;3;0;0;0
2;0;158;1;0;0;4;4;0;0;8
2;0;158;1;0;0;4;4;0;0;9
2;46;85;1;0;0;4;0;0;0;8
1;25;203;1;0;0;0;3;0;0;1
1;25;203;1;0;0;0;3;0;0;12
1;50;123;1;0;0;0;3;0;0;12
1;40;103;1;0;0;4;0;0;0;0
1;40;103;1;0;0;4;0;0;0;8
1;40;103;1;0;0;4;0;0;0;7
1;40;103;1;0;0;4;0;0;0;9
1;40;103;1;0;0;4;0;0;0;6
1;40;103;1;0;0;4;0;0;0;12
1;40;103;1;0;0;4;0;0;0;11
2;0;119;1;0;0;2;3;0;0;9
2;0;119;1;0;0;2;3;0;0;12
2;0;119;1;0;0;2;3;0;0;0
2;0;13;1;0;0;0;0;2;1;0
2;0;13;1;0;0;0;0;2;1;8
2;0;13;1;0;0;0;0;2;1;7
2;0;13;1;0;0;0;0;2;1;11
2;99;123;1;0;0;0;4;0;0;12
2;99;123;1;0;0;0;4;0;0;0
2;99;123;1;0;0;0;4;0;0;3
1;31;204;1;0;0;4;0;0;0;0
1;31;204;1;0;0;4;0;0;0;6
1;31;204;1;0;0;4;0;0;0;12
1;31;204;1;0;0;4;0;0;0;10
1;31;204;1;0;0;4;0;0;0;8
1;38;14;1;0;0;4;0;0;0;11
1;38;14;1;0;0;4;0;0;0;6
1;38;14;1;0;0;4;0;0;0;9
1;38;14;1;0;0;4;0;0;0;0
1;38;14;1;0;0;4;0;0;0;7
1;38;14;1;0;0;4;0;0;0;5
1;38;14;1;0;0;4;0;0;0;8
1;38;14;1;0;0;4;0;0;0;2
1;38;14;1;0;0;4;0;0;0;1
1;38;14;1;0;0;4;0;0;0;12
1;38;14;1;0;0;4;0;0;0;4
1;33;12;3;0;0;0;3;0;0;0
1;33;12;3;0;0;0;3;0;0;9
1;33;12;3;0;0;0;3;0;0;3
1;33;12;3;0;0;0;3;0;0;12
1;33;12;3;0;0;0;3;0;0;2
1;33;12;3;0;0;0;3;0;0;1
1;33;12;3;0;0;0;3;0;0;6
1;49;205;2;0;0;4;0;0;0;8
1;49;205;2;0;0;4;0;0;0;7
1;49;205;2;0;0;4;0;0;0;0
1;49;205;2;0;0;4;0;0;0;12
1;49;205;2;0;0;4;0;0;0;1
1;49;205;2;0;0;4;0;0;0;6
1;49;205;2;0;0;4;0;0;0;3
1;49;205;2;0;0;4;0;0;0;9
2;43;206;1;0;0;1;0;0;0;0
2;43;206;1;0;0;1;0;0;0;5
2;43;206;1;0;0;1;0;0;0;12
2;43;206;1;0;0;1;0;0;0;2
2;43;206;1;0;0;1;0;0;0;8
2;43;206;1;0;0;1;0;0;0;7
2;43;206;1;0;0;1;0;0;0;4
2;43;206;1;0;0;1;0;0;0;10
2;43;206;1;0;0;1;0;0;0;9
1;34;207;3;0;0;4;0;0;0;0
1;0;3;3;0;0;4;3;0;0;9
1;0;3;3;0;0;4;3;0;0;12
1;0;3;3;0;0;4;3;0;0;6
1;0;3;3;0;0;4;3;0;0;0
2;34;208;20;0;0;6;0;0;0;12
2;30;17;3;0;0;0;5;0;0;5
2;30;17;3;0;0;0;5;0;0;6
2;30;17;3;0;0;0;5;0;0;4
2;30;17;3;0;0;0;5;0;0;0
2;30;17;3;0;0;0;5;0;0;12
2;30;17;3;0;0;0;5;0;0;11
2;30;17;3;0;0;0;5;0;0;3
2;30;17;3;0;0;0;5;0;0;1
2;30;17;3;0;0;0;5;0;0;9
2;30;17;3;0;0;0;5;0;0;8
1;33;209;1;0;0;4;0;0;0;7
1;33;209;1;0;0;4;0;0;0;1
1;33;209;1;0;0;4;0;0;0;0
1;33;209;1;0;0;4;0;0;0;9
1;33;209;1;0;0;4;0;0;0;12
1;33;209;1;0;0;4;0;0;0;8
1;33;209;1;0;0;4;0;0;0;11
1;29;210;1;0;0;4;0;0;0;7
1;29;210;1;0;0;4;0;0;0;8
1;29;210;1;0;0;4;0;0;0;0
1;29;210;1;0;0;4;0;0;0;6
1;29;210;1;0;0;4;0;0;0;12
1;29;210;1;0;0;4;0;0;0;2
1;29;210;1;0;0;4;0;0;0;9
2;0;3;3;0;0;4;8;0;0;3
2;0;3;3;0;0;4;8;0;0;9
2;0;3;3;0;0;4;8;0;0;12
2;0;3;3;0;0;4;8;0;0;0
2;31;211;1;0;0;4;0;0;0;12
2;0;212;3;0;0;1;7;0;0;12
1;0;14;1;0;0;4;4;0;0;9
1;0;14;1;0;0;4;4;0;0;8
1;0;14;1;0;0;4;4;0;0;5
1;41;154;1;0;0;0;0;6;0;12
1;41;154;1;0;0;0;0;6;0;7
1;41;154;1;0;0;0;0;6;0;0
1;41;154;1;0;0;0;0;6;0;9
1;41;154;1;0;0;0;0;6;0;8
1;41;154;1;0;0;0;0;6;0;1
1;33;18;3;0;0;1;0;0;0;8
1;33;18;3;0;0;1;0;0;0;12
1;34;154;1;0;0;4;0;0;0;0
1;34;154;1;0;0;4;0;0;0;1
1;34;154;1;0;0;4;0;0;0;9
1;34;154;1;0;0;4;0;0;0;6
1;34;154;1;0;0;4;0;0;0;12
1;0;213;1;0;0;0;3;0;1;7
1;0;213;1;0;0;0;3;0;1;9
1;0;213;1;0;0;0;3;0;1;1
1;0;213;1;0;0;0;3;0;1;12
1;0;213;1;0;0;0;3;0;1;3
1;0;213;1;0;0;0;3;0;1;0
2;0;214;3;0;0;6;3;0;0;12
2;46;14;1;0;0;4;0;0;0;9
2;30;215;1;0;0;0;4;0;0;0
2;30;215;1;0;0;0;4;0;0;12
2;30;215;1;0;0;0;4;0;0;7
2;31;141;1;0;0;4;0;0;0;0
2;31;141;1;0;0;4;0;0;0;8
2;31;141;1;0;0;4;0;0;0;12
1;22;216;1;0;0;4;0;0;0;11
1;22;216;1;0;0;4;0;0;0;9
1;22;216;1;0;0;4;0;0;0;12
1;22;216;1;0;0;4;0;0;0;7
1;22;216;1;0;0;4;0;0;0;4
1;37;26;1;0;0;4;0;0;0;0
1;37;26;1;0;0;4;0;0;0;9
1;37;26;1;0;0;4;0;0;0;1
1;37;26;1;0;0;4;0;0;0;12
2;0;144;3;0;0;6;3;0;0;5
2;0;144;3;0;0;6;3;0;0;3
2;34;118;1;0;0;1;0;0;0;8
2;34;118;1;0;0;1;0;0;0;9
2;34;118;1;0;0;1;0;0;0;0
1;43;71;1;0;0;4;0;0;0;8
1;0;217;3;0;0;4;3;0;0;7
1;0;217;3;0;0;4;3;0;0;2
2;20;91;1;0;0;0;4;0;0;3
2;20;91;1;0;0;0;4;0;0;8
2;20;91;1;0;0;0;4;0;0;9
2;20;91;1;0;0;0;4;0;0;1
2;38;30;1;0;0;4;0;0;0;11
2;38;30;1;0;0;4;0;0;0;0
2;38;30;1;0;0;4;0;0;0;12
2;38;30;1;0;0;4;0;0;0;6
2;38;30;1;0;0;4;0;0;0;1
2;38;30;1;0;0;4;0;0;0;9
2;26;176;1;0;0;4;0;0;0;4
2;26;176;1;0;0;4;0;0;0;2
2;26;176;1;0;0;4;0;0;0;6
2;26;176;1;0;0;4;0;0;0;0
2;26;176;1;0;0;4;0;0;0;8
1;33;16;1;0;0;4;0;0;0;0
1;33;16;1;0;0;4;0;0;0;7
1;33;16;1;0;0;4;0;0;0;12
1;33;16;1;0;0;4;0;0;0;8
1;33;16;1;0;0;4;0;0;0;9
1;33;16;1;0;0;4;0;0;0;1
1;0;29;1;0;0;4;3;0;0;0
1;0;29;1;0;0;4;3;0;0;9
1;0;29;1;0;0;4;3;0;0;3
1;29;218;1;0;0;4;0;0;0;0
1;29;218;1;0;0;4;0;0;0;9
1;29;218;1;0;0;4;0;0;0;11
1;0;219;21;0;0;4;6;0;0;6
1;0;219;21;0;0;4;6;0;0;12
2;54;220;1;0;0;1;0;0;0;0
2;54;220;1;0;0;1;0;0;0;7
2;54;220;1;0;0;1;0;0;0;10
2;54;220;1;0;0;1;0;0;0;5
2;54;220;1;0;0;1;0;0;0;12
2;54;220;1;0;0;1;0;0;0;3
2;54;220;1;0;0;1;0;0;0;9
2;54;220;1;0;0;1;0;0;0;8
2;54;220;1;0;0;1;0;0;0;1
2;0;2;1;0;0;4;3;0;0;8
2;0;2;1;0;0;4;3;0;0;4
2;0;2;1;0;0;4;3;0;0;9
2;0;2;1;0;0;4;3;0;0;2
2;0;2;1;0;0;4;3;0;0;0
2;0;2;1;0;0;4;3;0;0;10
2;0;2;1;0;0;4;3;0;0;5
2;0;2;1;0;0;4;3;0;0;12
2;0;2;1;0;0;4;3;0;0;6
1;33;106;1;0;0;0;3;0;0;0
1;33;106;1;0;0;0;3;0;0;9
1;33;106;1;0;0;0;3;0;0;3
1;33;106;1;0;0;0;3;0;0;12
1;33;106;1;0;0;0;3;0;0;8
1;33;106;1;0;0;0;3;0;0;11
1;33;106;1;0;0;0;3;0;0;7
2;25;23;1;0;0;0;6;0;0;12
2;25;23;1;0;0;0;6;0;0;4
2;25;23;1;0;0;0;6;0;0;0
